animal1,animal2,similarity,sim_type
grizzly,grizzly,0,taxonomy
polarbear,grizzly,1,taxonomy
panda,grizzly,19,taxonomy
skunk,grizzly,39,taxonomy
cheetah,grizzly,56,taxonomy
panther,grizzly,56,taxonomy
lion,grizzly,56,taxonomy
boar,grizzly,79,taxonomy
pig,grizzly,79,taxonomy
deer,grizzly,79,taxonomy
goat,grizzly,79,taxonomy
sheep,grizzly,79,taxonomy
giraffe,grizzly,79,taxonomy
dolphin,grizzly,79,taxonomy
killerwhale,grizzly,79,taxonomy
hippo,grizzly,79,taxonomy
llama,grizzly,79,taxonomy
zebra,grizzly,80,taxonomy
rhino,grizzly,80,taxonomy
bat,grizzly,81,taxonomy
gorilla,grizzly,94,taxonomy
beaver,grizzly,94,taxonomy
sloth,grizzly,102,taxonomy
mammoth,grizzly,102,taxonomy
elephant,grizzly,102,taxonomy
crow,grizzly,320,taxonomy
pigeon,grizzly,320,taxonomy
flamingo,grizzly,320,taxonomy
swan,grizzly,320,taxonomy
shark,grizzly,465,taxonomy
grizzly,polarbear,1,taxonomy
polarbear,polarbear,0,taxonomy
panda,polarbear,19,taxonomy
skunk,polarbear,39,taxonomy
cheetah,polarbear,56,taxonomy
panther,polarbear,56,taxonomy
lion,polarbear,56,taxonomy
boar,polarbear,79,taxonomy
pig,polarbear,79,taxonomy
deer,polarbear,79,taxonomy
goat,polarbear,79,taxonomy
sheep,polarbear,79,taxonomy
giraffe,polarbear,79,taxonomy
dolphin,polarbear,79,taxonomy
killerwhale,polarbear,79,taxonomy
hippo,polarbear,79,taxonomy
llama,polarbear,79,taxonomy
zebra,polarbear,80,taxonomy
rhino,polarbear,80,taxonomy
bat,polarbear,81,taxonomy
gorilla,polarbear,94,taxonomy
beaver,polarbear,94,taxonomy
sloth,polarbear,102,taxonomy
mammoth,polarbear,102,taxonomy
elephant,polarbear,102,taxonomy
crow,polarbear,320,taxonomy
pigeon,polarbear,320,taxonomy
flamingo,polarbear,320,taxonomy
swan,polarbear,320,taxonomy
shark,polarbear,465,taxonomy
grizzly,panda,19,taxonomy
polarbear,panda,19,taxonomy
panda,panda,0,taxonomy
skunk,panda,39,taxonomy
cheetah,panda,56,taxonomy
panther,panda,56,taxonomy
lion,panda,56,taxonomy
boar,panda,79,taxonomy
pig,panda,79,taxonomy
deer,panda,79,taxonomy
goat,panda,79,taxonomy
sheep,panda,79,taxonomy
giraffe,panda,79,taxonomy
dolphin,panda,79,taxonomy
killerwhale,panda,79,taxonomy
hippo,panda,79,taxonomy
llama,panda,79,taxonomy
zebra,panda,80,taxonomy
rhino,panda,80,taxonomy
bat,panda,81,taxonomy
gorilla,panda,94,taxonomy
beaver,panda,94,taxonomy
sloth,panda,102,taxonomy
mammoth,panda,102,taxonomy
elephant,panda,102,taxonomy
crow,panda,320,taxonomy
pigeon,panda,320,taxonomy
flamingo,panda,320,taxonomy
swan,panda,320,taxonomy
shark,panda,465,taxonomy
grizzly,skunk,39,taxonomy
polarbear,skunk,39,taxonomy
panda,skunk,39,taxonomy
skunk,skunk,0,taxonomy
cheetah,skunk,56,taxonomy
panther,skunk,56,taxonomy
lion,skunk,56,taxonomy
boar,skunk,79,taxonomy
pig,skunk,79,taxonomy
deer,skunk,79,taxonomy
goat,skunk,79,taxonomy
sheep,skunk,79,taxonomy
giraffe,skunk,79,taxonomy
dolphin,skunk,79,taxonomy
killerwhale,skunk,79,taxonomy
hippo,skunk,79,taxonomy
llama,skunk,79,taxonomy
zebra,skunk,80,taxonomy
rhino,skunk,80,taxonomy
bat,skunk,81,taxonomy
gorilla,skunk,94,taxonomy
beaver,skunk,94,taxonomy
sloth,skunk,102,taxonomy
mammoth,skunk,102,taxonomy
elephant,skunk,102,taxonomy
crow,skunk,320,taxonomy
pigeon,skunk,320,taxonomy
flamingo,skunk,320,taxonomy
swan,skunk,320,taxonomy
shark,skunk,465,taxonomy
grizzly,cheetah,56,taxonomy
polarbear,cheetah,56,taxonomy
panda,cheetah,56,taxonomy
skunk,cheetah,56,taxonomy
cheetah,cheetah,0,taxonomy
panther,cheetah,14,taxonomy
lion,cheetah,14,taxonomy
boar,cheetah,79,taxonomy
pig,cheetah,79,taxonomy
deer,cheetah,79,taxonomy
goat,cheetah,79,taxonomy
sheep,cheetah,79,taxonomy
giraffe,cheetah,79,taxonomy
dolphin,cheetah,79,taxonomy
killerwhale,cheetah,79,taxonomy
hippo,cheetah,79,taxonomy
llama,cheetah,79,taxonomy
zebra,cheetah,80,taxonomy
rhino,cheetah,80,taxonomy
bat,cheetah,81,taxonomy
gorilla,cheetah,94,taxonomy
beaver,cheetah,94,taxonomy
sloth,cheetah,102,taxonomy
mammoth,cheetah,102,taxonomy
elephant,cheetah,102,taxonomy
crow,cheetah,320,taxonomy
pigeon,cheetah,320,taxonomy
flamingo,cheetah,320,taxonomy
swan,cheetah,320,taxonomy
shark,cheetah,465,taxonomy
grizzly,panther,56,taxonomy
polarbear,panther,56,taxonomy
panda,panther,56,taxonomy
skunk,panther,56,taxonomy
cheetah,panther,14,taxonomy
panther,panther,0,taxonomy
lion,panther,4,taxonomy
boar,panther,79,taxonomy
pig,panther,79,taxonomy
deer,panther,79,taxonomy
goat,panther,79,taxonomy
sheep,panther,79,taxonomy
giraffe,panther,79,taxonomy
dolphin,panther,79,taxonomy
killerwhale,panther,79,taxonomy
hippo,panther,79,taxonomy
llama,panther,79,taxonomy
zebra,panther,80,taxonomy
rhino,panther,80,taxonomy
bat,panther,81,taxonomy
gorilla,panther,94,taxonomy
beaver,panther,94,taxonomy
sloth,panther,102,taxonomy
mammoth,panther,102,taxonomy
elephant,panther,102,taxonomy
crow,panther,320,taxonomy
pigeon,panther,320,taxonomy
flamingo,panther,320,taxonomy
swan,panther,320,taxonomy
shark,panther,465,taxonomy
grizzly,lion,56,taxonomy
polarbear,lion,56,taxonomy
panda,lion,56,taxonomy
skunk,lion,56,taxonomy
cheetah,lion,14,taxonomy
panther,lion,4,taxonomy
lion,lion,0,taxonomy
boar,lion,79,taxonomy
pig,lion,79,taxonomy
deer,lion,79,taxonomy
goat,lion,79,taxonomy
sheep,lion,79,taxonomy
giraffe,lion,79,taxonomy
dolphin,lion,79,taxonomy
killerwhale,lion,79,taxonomy
hippo,lion,79,taxonomy
llama,lion,79,taxonomy
zebra,lion,80,taxonomy
rhino,lion,80,taxonomy
bat,lion,81,taxonomy
gorilla,lion,94,taxonomy
beaver,lion,94,taxonomy
sloth,lion,102,taxonomy
mammoth,lion,102,taxonomy
elephant,lion,102,taxonomy
crow,lion,320,taxonomy
pigeon,lion,320,taxonomy
flamingo,lion,320,taxonomy
swan,lion,320,taxonomy
shark,lion,465,taxonomy
grizzly,boar,79,taxonomy
polarbear,boar,79,taxonomy
panda,boar,79,taxonomy
skunk,boar,79,taxonomy
cheetah,boar,79,taxonomy
panther,boar,79,taxonomy
lion,boar,79,taxonomy
boar,boar,0,taxonomy
pig,boar,0,taxonomy
deer,boar,63,taxonomy
goat,boar,63,taxonomy
sheep,boar,63,taxonomy
giraffe,boar,63,taxonomy
dolphin,boar,63,taxonomy
killerwhale,boar,63,taxonomy
hippo,boar,63,taxonomy
llama,boar,64,taxonomy
zebra,boar,79,taxonomy
rhino,boar,79,taxonomy
bat,boar,81,taxonomy
gorilla,boar,94,taxonomy
beaver,boar,94,taxonomy
sloth,boar,102,taxonomy
mammoth,boar,102,taxonomy
elephant,boar,102,taxonomy
crow,boar,320,taxonomy
pigeon,boar,320,taxonomy
flamingo,boar,320,taxonomy
swan,boar,320,taxonomy
shark,boar,465,taxonomy
grizzly,pig,79,taxonomy
polarbear,pig,79,taxonomy
panda,pig,79,taxonomy
skunk,pig,79,taxonomy
cheetah,pig,79,taxonomy
panther,pig,79,taxonomy
lion,pig,79,taxonomy
boar,pig,0,taxonomy
pig,pig,0,taxonomy
deer,pig,63,taxonomy
goat,pig,63,taxonomy
sheep,pig,63,taxonomy
giraffe,pig,63,taxonomy
dolphin,pig,63,taxonomy
killerwhale,pig,63,taxonomy
hippo,pig,63,taxonomy
llama,pig,64,taxonomy
zebra,pig,79,taxonomy
rhino,pig,79,taxonomy
bat,pig,81,taxonomy
gorilla,pig,94,taxonomy
beaver,pig,94,taxonomy
sloth,pig,102,taxonomy
mammoth,pig,102,taxonomy
elephant,pig,102,taxonomy
crow,pig,320,taxonomy
pigeon,pig,320,taxonomy
flamingo,pig,320,taxonomy
swan,pig,320,taxonomy
shark,pig,465,taxonomy
grizzly,deer,79,taxonomy
polarbear,deer,79,taxonomy
panda,deer,79,taxonomy
skunk,deer,79,taxonomy
cheetah,deer,79,taxonomy
panther,deer,79,taxonomy
lion,deer,79,taxonomy
boar,deer,63,taxonomy
pig,deer,63,taxonomy
deer,deer,0,taxonomy
goat,deer,27,taxonomy
sheep,deer,27,taxonomy
giraffe,deer,27,taxonomy
dolphin,deer,58,taxonomy
killerwhale,deer,58,taxonomy
hippo,deer,58,taxonomy
llama,deer,64,taxonomy
zebra,deer,79,taxonomy
rhino,deer,79,taxonomy
bat,deer,81,taxonomy
gorilla,deer,94,taxonomy
beaver,deer,94,taxonomy
sloth,deer,102,taxonomy
mammoth,deer,102,taxonomy
elephant,deer,102,taxonomy
crow,deer,320,taxonomy
pigeon,deer,320,taxonomy
flamingo,deer,320,taxonomy
swan,deer,320,taxonomy
shark,deer,465,taxonomy
grizzly,goat,79,taxonomy
polarbear,goat,79,taxonomy
panda,goat,79,taxonomy
skunk,goat,79,taxonomy
cheetah,goat,79,taxonomy
panther,goat,79,taxonomy
lion,goat,79,taxonomy
boar,goat,63,taxonomy
pig,goat,63,taxonomy
deer,goat,27,taxonomy
goat,goat,0,taxonomy
sheep,goat,10,taxonomy
giraffe,goat,26,taxonomy
dolphin,goat,58,taxonomy
killerwhale,goat,58,taxonomy
hippo,goat,58,taxonomy
llama,goat,64,taxonomy
zebra,goat,79,taxonomy
rhino,goat,79,taxonomy
bat,goat,81,taxonomy
gorilla,goat,94,taxonomy
beaver,goat,94,taxonomy
sloth,goat,102,taxonomy
mammoth,goat,102,taxonomy
elephant,goat,102,taxonomy
crow,goat,320,taxonomy
pigeon,goat,320,taxonomy
flamingo,goat,320,taxonomy
swan,goat,320,taxonomy
shark,goat,465,taxonomy
grizzly,sheep,79,taxonomy
polarbear,sheep,79,taxonomy
panda,sheep,79,taxonomy
skunk,sheep,79,taxonomy
cheetah,sheep,79,taxonomy
panther,sheep,79,taxonomy
lion,sheep,79,taxonomy
boar,sheep,63,taxonomy
pig,sheep,63,taxonomy
deer,sheep,27,taxonomy
goat,sheep,10,taxonomy
sheep,sheep,0,taxonomy
giraffe,sheep,26,taxonomy
dolphin,sheep,58,taxonomy
killerwhale,sheep,58,taxonomy
hippo,sheep,58,taxonomy
llama,sheep,64,taxonomy
zebra,sheep,79,taxonomy
rhino,sheep,79,taxonomy
bat,sheep,81,taxonomy
gorilla,sheep,94,taxonomy
beaver,sheep,94,taxonomy
sloth,sheep,102,taxonomy
mammoth,sheep,102,taxonomy
elephant,sheep,102,taxonomy
crow,sheep,320,taxonomy
pigeon,sheep,320,taxonomy
flamingo,sheep,320,taxonomy
swan,sheep,320,taxonomy
shark,sheep,465,taxonomy
grizzly,giraffe,79,taxonomy
polarbear,giraffe,79,taxonomy
panda,giraffe,79,taxonomy
skunk,giraffe,79,taxonomy
cheetah,giraffe,79,taxonomy
panther,giraffe,79,taxonomy
lion,giraffe,79,taxonomy
boar,giraffe,63,taxonomy
pig,giraffe,63,taxonomy
deer,giraffe,27,taxonomy
goat,giraffe,26,taxonomy
sheep,giraffe,26,taxonomy
giraffe,giraffe,0,taxonomy
dolphin,giraffe,58,taxonomy
killerwhale,giraffe,58,taxonomy
hippo,giraffe,58,taxonomy
llama,giraffe,64,taxonomy
zebra,giraffe,79,taxonomy
rhino,giraffe,79,taxonomy
bat,giraffe,81,taxonomy
gorilla,giraffe,94,taxonomy
beaver,giraffe,94,taxonomy
sloth,giraffe,102,taxonomy
mammoth,giraffe,102,taxonomy
elephant,giraffe,102,taxonomy
crow,giraffe,320,taxonomy
pigeon,giraffe,320,taxonomy
flamingo,giraffe,320,taxonomy
swan,giraffe,320,taxonomy
shark,giraffe,465,taxonomy
grizzly,dolphin,79,taxonomy
polarbear,dolphin,79,taxonomy
panda,dolphin,79,taxonomy
skunk,dolphin,79,taxonomy
cheetah,dolphin,79,taxonomy
panther,dolphin,79,taxonomy
lion,dolphin,79,taxonomy
boar,dolphin,63,taxonomy
pig,dolphin,63,taxonomy
deer,dolphin,58,taxonomy
goat,dolphin,58,taxonomy
sheep,dolphin,58,taxonomy
giraffe,dolphin,58,taxonomy
dolphin,dolphin,0,taxonomy
killerwhale,dolphin,11,taxonomy
hippo,dolphin,53,taxonomy
llama,dolphin,64,taxonomy
zebra,dolphin,79,taxonomy
rhino,dolphin,79,taxonomy
bat,dolphin,81,taxonomy
gorilla,dolphin,94,taxonomy
beaver,dolphin,94,taxonomy
sloth,dolphin,102,taxonomy
mammoth,dolphin,102,taxonomy
elephant,dolphin,102,taxonomy
crow,dolphin,320,taxonomy
pigeon,dolphin,320,taxonomy
flamingo,dolphin,320,taxonomy
swan,dolphin,320,taxonomy
shark,dolphin,465,taxonomy
grizzly,killerwhale,79,taxonomy
polarbear,killerwhale,79,taxonomy
panda,killerwhale,79,taxonomy
skunk,killerwhale,79,taxonomy
cheetah,killerwhale,79,taxonomy
panther,killerwhale,79,taxonomy
lion,killerwhale,79,taxonomy
boar,killerwhale,63,taxonomy
pig,killerwhale,63,taxonomy
deer,killerwhale,58,taxonomy
goat,killerwhale,58,taxonomy
sheep,killerwhale,58,taxonomy
giraffe,killerwhale,58,taxonomy
dolphin,killerwhale,11,taxonomy
killerwhale,killerwhale,0,taxonomy
hippo,killerwhale,53,taxonomy
llama,killerwhale,64,taxonomy
zebra,killerwhale,79,taxonomy
rhino,killerwhale,79,taxonomy
bat,killerwhale,81,taxonomy
gorilla,killerwhale,94,taxonomy
beaver,killerwhale,94,taxonomy
sloth,killerwhale,102,taxonomy
mammoth,killerwhale,102,taxonomy
elephant,killerwhale,102,taxonomy
crow,killerwhale,320,taxonomy
pigeon,killerwhale,320,taxonomy
flamingo,killerwhale,320,taxonomy
swan,killerwhale,320,taxonomy
shark,killerwhale,465,taxonomy
grizzly,hippo,79,taxonomy
polarbear,hippo,79,taxonomy
panda,hippo,79,taxonomy
skunk,hippo,79,taxonomy
cheetah,hippo,79,taxonomy
panther,hippo,79,taxonomy
lion,hippo,79,taxonomy
boar,hippo,63,taxonomy
pig,hippo,63,taxonomy
deer,hippo,58,taxonomy
goat,hippo,58,taxonomy
sheep,hippo,58,taxonomy
giraffe,hippo,58,taxonomy
dolphin,hippo,53,taxonomy
killerwhale,hippo,53,taxonomy
hippo,hippo,0,taxonomy
llama,hippo,64,taxonomy
zebra,hippo,79,taxonomy
rhino,hippo,79,taxonomy
bat,hippo,81,taxonomy
gorilla,hippo,94,taxonomy
beaver,hippo,94,taxonomy
sloth,hippo,102,taxonomy
mammoth,hippo,102,taxonomy
elephant,hippo,102,taxonomy
crow,hippo,320,taxonomy
pigeon,hippo,320,taxonomy
flamingo,hippo,320,taxonomy
swan,hippo,320,taxonomy
shark,hippo,465,taxonomy
grizzly,llama,79,taxonomy
polarbear,llama,79,taxonomy
panda,llama,79,taxonomy
skunk,llama,79,taxonomy
cheetah,llama,79,taxonomy
panther,llama,79,taxonomy
lion,llama,79,taxonomy
boar,llama,64,taxonomy
pig,llama,64,taxonomy
deer,llama,64,taxonomy
goat,llama,64,taxonomy
sheep,llama,64,taxonomy
giraffe,llama,64,taxonomy
dolphin,llama,64,taxonomy
killerwhale,llama,64,taxonomy
hippo,llama,64,taxonomy
llama,llama,0,taxonomy
zebra,llama,79,taxonomy
rhino,llama,79,taxonomy
bat,llama,81,taxonomy
gorilla,llama,94,taxonomy
beaver,llama,94,taxonomy
sloth,llama,102,taxonomy
mammoth,llama,102,taxonomy
elephant,llama,102,taxonomy
crow,llama,320,taxonomy
pigeon,llama,320,taxonomy
flamingo,llama,320,taxonomy
swan,llama,320,taxonomy
shark,llama,465,taxonomy
grizzly,zebra,80,taxonomy
polarbear,zebra,80,taxonomy
panda,zebra,80,taxonomy
skunk,zebra,80,taxonomy
cheetah,zebra,80,taxonomy
panther,zebra,80,taxonomy
lion,zebra,80,taxonomy
boar,zebra,79,taxonomy
pig,zebra,79,taxonomy
deer,zebra,79,taxonomy
goat,zebra,79,taxonomy
sheep,zebra,79,taxonomy
giraffe,zebra,79,taxonomy
dolphin,zebra,79,taxonomy
killerwhale,zebra,79,taxonomy
hippo,zebra,79,taxonomy
llama,zebra,79,taxonomy
zebra,zebra,0,taxonomy
rhino,zebra,55,taxonomy
bat,zebra,81,taxonomy
gorilla,zebra,94,taxonomy
beaver,zebra,94,taxonomy
sloth,zebra,102,taxonomy
mammoth,zebra,102,taxonomy
elephant,zebra,102,taxonomy
crow,zebra,320,taxonomy
pigeon,zebra,320,taxonomy
flamingo,zebra,320,taxonomy
swan,zebra,320,taxonomy
shark,zebra,465,taxonomy
grizzly,rhino,80,taxonomy
polarbear,rhino,80,taxonomy
panda,rhino,80,taxonomy
skunk,rhino,80,taxonomy
cheetah,rhino,80,taxonomy
panther,rhino,80,taxonomy
lion,rhino,80,taxonomy
boar,rhino,79,taxonomy
pig,rhino,79,taxonomy
deer,rhino,79,taxonomy
goat,rhino,79,taxonomy
sheep,rhino,79,taxonomy
giraffe,rhino,79,taxonomy
dolphin,rhino,79,taxonomy
killerwhale,rhino,79,taxonomy
hippo,rhino,79,taxonomy
llama,rhino,79,taxonomy
zebra,rhino,55,taxonomy
rhino,rhino,0,taxonomy
bat,rhino,81,taxonomy
gorilla,rhino,94,taxonomy
beaver,rhino,94,taxonomy
sloth,rhino,102,taxonomy
mammoth,rhino,102,taxonomy
elephant,rhino,102,taxonomy
crow,rhino,320,taxonomy
pigeon,rhino,320,taxonomy
flamingo,rhino,320,taxonomy
swan,rhino,320,taxonomy
shark,rhino,465,taxonomy
grizzly,bat,81,taxonomy
polarbear,bat,81,taxonomy
panda,bat,81,taxonomy
skunk,bat,81,taxonomy
cheetah,bat,81,taxonomy
panther,bat,81,taxonomy
lion,bat,81,taxonomy
boar,bat,81,taxonomy
pig,bat,81,taxonomy
deer,bat,81,taxonomy
goat,bat,81,taxonomy
sheep,bat,81,taxonomy
giraffe,bat,81,taxonomy
dolphin,bat,81,taxonomy
killerwhale,bat,81,taxonomy
hippo,bat,81,taxonomy
llama,bat,81,taxonomy
zebra,bat,81,taxonomy
rhino,bat,81,taxonomy
bat,bat,0,taxonomy
gorilla,bat,94,taxonomy
beaver,bat,94,taxonomy
sloth,bat,102,taxonomy
mammoth,bat,102,taxonomy
elephant,bat,102,taxonomy
crow,bat,320,taxonomy
pigeon,bat,320,taxonomy
flamingo,bat,320,taxonomy
swan,bat,320,taxonomy
shark,bat,465,taxonomy
grizzly,gorilla,94,taxonomy
polarbear,gorilla,94,taxonomy
panda,gorilla,94,taxonomy
skunk,gorilla,94,taxonomy
cheetah,gorilla,94,taxonomy
panther,gorilla,94,taxonomy
lion,gorilla,94,taxonomy
boar,gorilla,94,taxonomy
pig,gorilla,94,taxonomy
deer,gorilla,94,taxonomy
goat,gorilla,94,taxonomy
sheep,gorilla,94,taxonomy
giraffe,gorilla,94,taxonomy
dolphin,gorilla,94,taxonomy
killerwhale,gorilla,94,taxonomy
hippo,gorilla,94,taxonomy
llama,gorilla,94,taxonomy
zebra,gorilla,94,taxonomy
rhino,gorilla,94,taxonomy
bat,gorilla,94,taxonomy
gorilla,gorilla,0,taxonomy
beaver,gorilla,88,taxonomy
sloth,gorilla,102,taxonomy
mammoth,gorilla,102,taxonomy
elephant,gorilla,102,taxonomy
crow,gorilla,320,taxonomy
pigeon,gorilla,320,taxonomy
flamingo,gorilla,320,taxonomy
swan,gorilla,320,taxonomy
shark,gorilla,465,taxonomy
grizzly,beaver,94,taxonomy
polarbear,beaver,94,taxonomy
panda,beaver,94,taxonomy
skunk,beaver,94,taxonomy
cheetah,beaver,94,taxonomy
panther,beaver,94,taxonomy
lion,beaver,94,taxonomy
boar,beaver,94,taxonomy
pig,beaver,94,taxonomy
deer,beaver,94,taxonomy
goat,beaver,94,taxonomy
sheep,beaver,94,taxonomy
giraffe,beaver,94,taxonomy
dolphin,beaver,94,taxonomy
killerwhale,beaver,94,taxonomy
hippo,beaver,94,taxonomy
llama,beaver,94,taxonomy
zebra,beaver,94,taxonomy
rhino,beaver,94,taxonomy
bat,beaver,94,taxonomy
gorilla,beaver,88,taxonomy
beaver,beaver,0,taxonomy
sloth,beaver,102,taxonomy
mammoth,beaver,102,taxonomy
elephant,beaver,102,taxonomy
crow,beaver,320,taxonomy
pigeon,beaver,320,taxonomy
flamingo,beaver,320,taxonomy
swan,beaver,320,taxonomy
shark,beaver,465,taxonomy
grizzly,sloth,102,taxonomy
polarbear,sloth,102,taxonomy
panda,sloth,102,taxonomy
skunk,sloth,102,taxonomy
cheetah,sloth,102,taxonomy
panther,sloth,102,taxonomy
lion,sloth,102,taxonomy
boar,sloth,102,taxonomy
pig,sloth,102,taxonomy
deer,sloth,102,taxonomy
goat,sloth,102,taxonomy
sheep,sloth,102,taxonomy
giraffe,sloth,102,taxonomy
dolphin,sloth,102,taxonomy
killerwhale,sloth,102,taxonomy
hippo,sloth,102,taxonomy
llama,sloth,102,taxonomy
zebra,sloth,102,taxonomy
rhino,sloth,102,taxonomy
bat,sloth,102,taxonomy
gorilla,sloth,102,taxonomy
beaver,sloth,102,taxonomy
sloth,sloth,0,taxonomy
mammoth,sloth,99,taxonomy
elephant,sloth,99,taxonomy
crow,sloth,320,taxonomy
pigeon,sloth,320,taxonomy
flamingo,sloth,320,taxonomy
swan,sloth,320,taxonomy
shark,sloth,465,taxonomy
grizzly,mammoth,102,taxonomy
polarbear,mammoth,102,taxonomy
panda,mammoth,102,taxonomy
skunk,mammoth,102,taxonomy
cheetah,mammoth,102,taxonomy
panther,mammoth,102,taxonomy
lion,mammoth,102,taxonomy
boar,mammoth,102,taxonomy
pig,mammoth,102,taxonomy
deer,mammoth,102,taxonomy
goat,mammoth,102,taxonomy
sheep,mammoth,102,taxonomy
giraffe,mammoth,102,taxonomy
dolphin,mammoth,102,taxonomy
killerwhale,mammoth,102,taxonomy
hippo,mammoth,102,taxonomy
llama,mammoth,102,taxonomy
zebra,mammoth,102,taxonomy
rhino,mammoth,102,taxonomy
bat,mammoth,102,taxonomy
gorilla,mammoth,102,taxonomy
beaver,mammoth,102,taxonomy
sloth,mammoth,99,taxonomy
mammoth,mammoth,0,taxonomy
elephant,mammoth,26,taxonomy
crow,mammoth,320,taxonomy
pigeon,mammoth,320,taxonomy
flamingo,mammoth,320,taxonomy
swan,mammoth,320,taxonomy
shark,mammoth,465,taxonomy
grizzly,elephant,102,taxonomy
polarbear,elephant,102,taxonomy
panda,elephant,102,taxonomy
skunk,elephant,102,taxonomy
cheetah,elephant,102,taxonomy
panther,elephant,102,taxonomy
lion,elephant,102,taxonomy
boar,elephant,102,taxonomy
pig,elephant,102,taxonomy
deer,elephant,102,taxonomy
goat,elephant,102,taxonomy
sheep,elephant,102,taxonomy
giraffe,elephant,102,taxonomy
dolphin,elephant,102,taxonomy
killerwhale,elephant,102,taxonomy
hippo,elephant,102,taxonomy
llama,elephant,102,taxonomy
zebra,elephant,102,taxonomy
rhino,elephant,102,taxonomy
bat,elephant,102,taxonomy
gorilla,elephant,102,taxonomy
beaver,elephant,102,taxonomy
sloth,elephant,99,taxonomy
mammoth,elephant,26,taxonomy
elephant,elephant,0,taxonomy
crow,elephant,320,taxonomy
pigeon,elephant,320,taxonomy
flamingo,elephant,320,taxonomy
swan,elephant,320,taxonomy
shark,elephant,465,taxonomy
grizzly,crow,320,taxonomy
polarbear,crow,320,taxonomy
panda,crow,320,taxonomy
skunk,crow,320,taxonomy
cheetah,crow,320,taxonomy
panther,crow,320,taxonomy
lion,crow,320,taxonomy
boar,crow,320,taxonomy
pig,crow,320,taxonomy
deer,crow,320,taxonomy
goat,crow,320,taxonomy
sheep,crow,320,taxonomy
giraffe,crow,320,taxonomy
dolphin,crow,320,taxonomy
killerwhale,crow,320,taxonomy
hippo,crow,320,taxonomy
llama,crow,320,taxonomy
zebra,crow,320,taxonomy
rhino,crow,320,taxonomy
bat,crow,320,taxonomy
gorilla,crow,320,taxonomy
beaver,crow,320,taxonomy
sloth,crow,320,taxonomy
mammoth,crow,320,taxonomy
elephant,crow,320,taxonomy
crow,crow,0,taxonomy
pigeon,crow,80,taxonomy
flamingo,crow,80,taxonomy
swan,crow,92,taxonomy
shark,crow,465,taxonomy
grizzly,pigeon,320,taxonomy
polarbear,pigeon,320,taxonomy
panda,pigeon,320,taxonomy
skunk,pigeon,320,taxonomy
cheetah,pigeon,320,taxonomy
panther,pigeon,320,taxonomy
lion,pigeon,320,taxonomy
boar,pigeon,320,taxonomy
pig,pigeon,320,taxonomy
deer,pigeon,320,taxonomy
goat,pigeon,320,taxonomy
sheep,pigeon,320,taxonomy
giraffe,pigeon,320,taxonomy
dolphin,pigeon,320,taxonomy
killerwhale,pigeon,320,taxonomy
hippo,pigeon,320,taxonomy
llama,pigeon,320,taxonomy
zebra,pigeon,320,taxonomy
rhino,pigeon,320,taxonomy
bat,pigeon,320,taxonomy
gorilla,pigeon,320,taxonomy
beaver,pigeon,320,taxonomy
sloth,pigeon,320,taxonomy
mammoth,pigeon,320,taxonomy
elephant,pigeon,320,taxonomy
crow,pigeon,80,taxonomy
pigeon,pigeon,0,taxonomy
flamingo,pigeon,76,taxonomy
swan,pigeon,92,taxonomy
shark,pigeon,465,taxonomy
grizzly,flamingo,320,taxonomy
polarbear,flamingo,320,taxonomy
panda,flamingo,320,taxonomy
skunk,flamingo,320,taxonomy
cheetah,flamingo,320,taxonomy
panther,flamingo,320,taxonomy
lion,flamingo,320,taxonomy
boar,flamingo,320,taxonomy
pig,flamingo,320,taxonomy
deer,flamingo,320,taxonomy
goat,flamingo,320,taxonomy
sheep,flamingo,320,taxonomy
giraffe,flamingo,320,taxonomy
dolphin,flamingo,320,taxonomy
killerwhale,flamingo,320,taxonomy
hippo,flamingo,320,taxonomy
llama,flamingo,320,taxonomy
zebra,flamingo,320,taxonomy
rhino,flamingo,320,taxonomy
bat,flamingo,320,taxonomy
gorilla,flamingo,320,taxonomy
beaver,flamingo,320,taxonomy
sloth,flamingo,320,taxonomy
mammoth,flamingo,320,taxonomy
elephant,flamingo,320,taxonomy
crow,flamingo,80,taxonomy
pigeon,flamingo,76,taxonomy
flamingo,flamingo,0,taxonomy
swan,flamingo,92,taxonomy
shark,flamingo,465,taxonomy
grizzly,swan,320,taxonomy
polarbear,swan,320,taxonomy
panda,swan,320,taxonomy
skunk,swan,320,taxonomy
cheetah,swan,320,taxonomy
panther,swan,320,taxonomy
lion,swan,320,taxonomy
boar,swan,320,taxonomy
pig,swan,320,taxonomy
deer,swan,320,taxonomy
goat,swan,320,taxonomy
sheep,swan,320,taxonomy
giraffe,swan,320,taxonomy
dolphin,swan,320,taxonomy
killerwhale,swan,320,taxonomy
hippo,swan,320,taxonomy
llama,swan,320,taxonomy
zebra,swan,320,taxonomy
rhino,swan,320,taxonomy
bat,swan,320,taxonomy
gorilla,swan,320,taxonomy
beaver,swan,320,taxonomy
sloth,swan,320,taxonomy
mammoth,swan,320,taxonomy
elephant,swan,320,taxonomy
crow,swan,92,taxonomy
pigeon,swan,92,taxonomy
flamingo,swan,92,taxonomy
swan,swan,0,taxonomy
shark,swan,465,taxonomy
grizzly,shark,465,taxonomy
polarbear,shark,465,taxonomy
panda,shark,465,taxonomy
skunk,shark,465,taxonomy
cheetah,shark,465,taxonomy
panther,shark,465,taxonomy
lion,shark,465,taxonomy
boar,shark,465,taxonomy
pig,shark,465,taxonomy
deer,shark,465,taxonomy
goat,shark,465,taxonomy
sheep,shark,465,taxonomy
giraffe,shark,465,taxonomy
dolphin,shark,465,taxonomy
killerwhale,shark,465,taxonomy
hippo,shark,465,taxonomy
llama,shark,465,taxonomy
zebra,shark,465,taxonomy
rhino,shark,465,taxonomy
bat,shark,465,taxonomy
gorilla,shark,465,taxonomy
beaver,shark,465,taxonomy
sloth,shark,465,taxonomy
mammoth,shark,465,taxonomy
elephant,shark,465,taxonomy
crow,shark,465,taxonomy
pigeon,shark,465,taxonomy
flamingo,shark,465,taxonomy
swan,shark,465,taxonomy
shark,shark,0,taxonomy
