animal,sub_id,word_id,word,sub_type
bat,CB_01,w1,rough,CB
bat,CB_02,w1,feathers,CB
bat,CB_03,w1,skin,CB
bat,CB_04,w1,leathery,CB
bat,CB_05,w1,short,CB
bat,CB_06,w1,soft,CB
bat,CB_08,w1,feathers,CB
bat,CB_09,w1,thin,CB
bat,CB_10,w1,rough,CB
bat,CB_11,w1,feathers,CB
bat,CB_12,w1,soft,CB
bat,CB_13,w1,fur,CB
bat,CB_14,w1,feathers,CB
bat,CB_15,w1,fur,CB
bat,CB_16,w1,rough,CB
bat,CB_17,w1,coarse,CB
bat,CB_18,w1,hair,CB
bat,CB_19,w1,feathers,CB
bat,CB_23,w1,fine,CB
beaver,CB_01,w1,long,CB
beaver,CB_02,w1,fur,CB
beaver,CB_03,w1,fine,CB
beaver,CB_04,w1,hi,CB
beaver,CB_05,w1,long,CB
beaver,CB_06,w1,soft,CB
beaver,CB_08,w1,rough,CB
beaver,CB_09,w1,rough,CB
beaver,CB_10,w1,wet,CB
beaver,CB_11,w1,fur,CB
beaver,CB_12,w1,soft,CB
beaver,CB_13,w1,fur,CB
beaver,CB_14,w1,slimy,CB
beaver,CB_15,w1,fur,CB
beaver,CB_16,w1,fur,CB
beaver,CB_17,w1,soft,CB
beaver,CB_18,w1,fluff,CB
beaver,CB_19,w1,fur,CB
beaver,CB_23,w1,fine,CB
boar,CB_01,w1,short,CB
boar,CB_02,w1,fur,CB
boar,CB_03,w1,fine,CB
boar,CB_04,w1,short,CB
boar,CB_05,w1,bushy,CB
boar,CB_06,w1,rough,CB
boar,CB_08,w1,rough,CB
boar,CB_09,w1,rough,CB
boar,CB_10,w1,rough,CB
boar,CB_11,w1,rough,CB
boar,CB_12,w1,coarse,CB
boar,CB_13,w1,rough,CB
boar,CB_14,w1,short,CB
boar,CB_15,w1,bristly,CB
boar,CB_16,w1,fur,CB
boar,CB_17,w1,tough,CB
boar,CB_18,w1,bristly,CB
boar,CB_19,w1,rough,CB
boar,CB_23,w1,thick,CB
cheetah,CB_01,w1,short,CB
cheetah,CB_02,w1,fur,CB
cheetah,CB_03,w1,fine,CB
cheetah,CB_04,w1,short,CB
cheetah,CB_05,w1,short,CB
cheetah,CB_06,w1,soft,CB
cheetah,CB_08,w1,soft,CB
cheetah,CB_09,w1,thin,CB
cheetah,CB_10,w1,rough,CB
cheetah,CB_11,w1,smooth,CB
cheetah,CB_12,w1,coarse,CB
cheetah,CB_13,w1,fur,CB
cheetah,CB_14,w1,short,CB
cheetah,CB_15,w1,fur,CB
cheetah,CB_16,w1,fur,CB
cheetah,CB_17,w1,short,CB
cheetah,CB_18,w1,shaggy,CB
cheetah,CB_19,w1,fur,CB
cheetah,CB_23,w1,thick,CB
crow,CB_01,w1,feathers,CB
crow,CB_02,w1,feathers,CB
crow,CB_03,w1,feathers,CB
crow,CB_04,w1,feathers,CB
crow,CB_05,w1,feathers,CB
crow,CB_06,w1,feathers,CB
crow,CB_08,w1,feathers,CB
crow,CB_09,w1,fluff,CB
crow,CB_10,w1,feathers,CB
crow,CB_11,w1,feathers,CB
crow,CB_12,w1,feathers,CB
crow,CB_13,w1,feathers,CB
crow,CB_14,w1,feathers,CB
crow,CB_15,w1,feathers,CB
crow,CB_16,w1,rough,CB
crow,CB_17,w1,coarse,CB
crow,CB_18,w1,feathers,CB
crow,CB_19,w1,feathers,CB
crow,CB_23,w1,fine,CB
deer,CB_01,w1,short,CB
deer,CB_02,w1,fur,CB
deer,CB_03,w1,fur,CB
deer,CB_04,w1,short,CB
deer,CB_05,w1,short,CB
deer,CB_06,w1,soft,CB
deer,CB_08,w1,soft,CB
deer,CB_09,w1,thick,CB
deer,CB_10,w1,soft,CB
deer,CB_11,w1,smooth,CB
deer,CB_12,w1,coarse,CB
deer,CB_13,w1,fur,CB
deer,CB_14,w1,short,CB
deer,CB_15,w1,fur,CB
deer,CB_16,w1,fur,CB
deer,CB_17,w1,soft,CB
deer,CB_18,w1,hair,CB
deer,CB_19,w1,fur,CB
deer,CB_23,w1,thick,CB
dolphin,CB_01,w1,smooth,CB
dolphin,CB_02,w1,scales,CB
dolphin,CB_03,w1,scales,CB
dolphin,CB_04,w1,smooth,CB
dolphin,CB_05,w1,smooth,CB
dolphin,CB_06,w1,scales,CB
dolphin,CB_08,w1,smooth,CB
dolphin,CB_09,w1,slick,CB
dolphin,CB_10,w1,wet,CB
dolphin,CB_11,w1,rough,CB
dolphin,CB_12,w1,slippery,CB
dolphin,CB_13,w1,smooth,CB
dolphin,CB_14,w1,slimy,CB
dolphin,CB_15,w1,smooth,CB
dolphin,CB_16,w1,smooth,CB
dolphin,CB_17,w1,soft,CB
dolphin,CB_18,w1,unknown,CB
dolphin,CB_19,w1,scales,CB
dolphin,CB_23,w1,slippery,CB
elephant,CB_01,w1,short,CB
elephant,CB_02,w1,fur,CB
elephant,CB_03,w1,thick,CB
elephant,CB_04,w1,leather,CB
elephant,CB_05,w1,rough,CB
elephant,CB_06,w1,smooth,CB
elephant,CB_08,w1,rough,CB
elephant,CB_09,w1,rough,CB
elephant,CB_10,w1,rough,CB
elephant,CB_11,w1,smooth,CB
elephant,CB_12,w1,coarse,CB
elephant,CB_13,w1,rough,CB
elephant,CB_14,w1,coarse,CB
elephant,CB_15,w1,smooth,CB
elephant,CB_16,w1,rough,CB
elephant,CB_17,w1,tough,CB
elephant,CB_18,w1,hair,CB
elephant,CB_19,w1,rough,CB
elephant,CB_23,w1,rough,CB
flamingo,CB_01,w1,smooth,CB
flamingo,CB_02,w1,feathers,CB
flamingo,CB_03,w1,feathers,CB
flamingo,CB_04,w1,feathers,CB
flamingo,CB_05,w1,feathers,CB
flamingo,CB_06,w1,feathers,CB
flamingo,CB_08,w1,feathers,CB
flamingo,CB_09,w1,fluffy,CB
flamingo,CB_10,w1,feathers,CB
flamingo,CB_11,w1,feathers,CB
flamingo,CB_12,w1,feathers,CB
flamingo,CB_13,w1,feathers,CB
flamingo,CB_14,w1,feathers,CB
flamingo,CB_15,w1,feathers,CB
flamingo,CB_16,w1,smooth,CB
flamingo,CB_17,w1,coarse,CB
flamingo,CB_18,w1,feathers,CB
flamingo,CB_19,w1,feathers,CB
flamingo,CB_23,w1,fine,CB
giraffe,CB_01,w1,long,CB
giraffe,CB_02,w1,fur,CB
giraffe,CB_03,w1,skin,CB
giraffe,CB_04,w1,short,CB
giraffe,CB_05,w1,short,CB
giraffe,CB_06,w1,soft,CB
giraffe,CB_08,w1,rough,CB
giraffe,CB_09,w1,thin,CB
giraffe,CB_10,w1,rough,CB
giraffe,CB_11,w1,smooth,CB
giraffe,CB_12,w1,rough,CB
giraffe,CB_13,w1,rough,CB
giraffe,CB_14,w1,coarse,CB
giraffe,CB_15,w1,smooth,CB
giraffe,CB_16,w1,fur,CB
giraffe,CB_17,w1,short,CB
giraffe,CB_18,w1,hair,CB
giraffe,CB_19,w1,fur,CB
giraffe,CB_23,w1,rough,CB
goat,CB_01,w1,short,CB
goat,CB_02,w1,fur,CB
goat,CB_03,w1,thick,CB
goat,CB_04,w1,short,CB
goat,CB_05,w1,short,CB
goat,CB_06,w1,rough,CB
goat,CB_08,w1,rough,CB
goat,CB_09,w1,thin,CB
goat,CB_10,w1,soft,CB
goat,CB_11,w1,medium,CB
goat,CB_12,w1,coarse,CB
goat,CB_13,w1,fur,CB
goat,CB_14,w1,short,CB
goat,CB_15,w1,wool,CB
goat,CB_16,w1,fur,CB
goat,CB_17,w1,tough,CB
goat,CB_18,w1,fleece,CB
goat,CB_19,w1,fur,CB
goat,CB_23,w1,thick,CB
gorilla,CB_01,w1,coarse,CB
gorilla,CB_02,w1,fur,CB
gorilla,CB_03,w1,fur,CB
gorilla,CB_04,w1,hi,CB
gorilla,CB_05,w1,short,CB
gorilla,CB_06,w1,rough,CB
gorilla,CB_08,w1,smooth,CB
gorilla,CB_09,w1,thin,CB
gorilla,CB_10,w1,rough,CB
gorilla,CB_11,w1,fur,CB
gorilla,CB_12,w1,coarse,CB
gorilla,CB_13,w1,rough,CB
gorilla,CB_14,w1,coarse,CB
gorilla,CB_15,w1,fur,CB
gorilla,CB_16,w1,fur,CB
gorilla,CB_17,w1,tough,CB
gorilla,CB_18,w1,hair,CB
gorilla,CB_19,w1,rough,CB
gorilla,CB_23,w1,thick,CB
grizzly,CB_01,w1,coarse,CB
grizzly,CB_02,w1,fur,CB
grizzly,CB_03,w1,fur,CB
grizzly,CB_04,w1,hi,CB
grizzly,CB_05,w1,long,CB
grizzly,CB_06,w1,soft,CB
grizzly,CB_08,w1,rough,CB
grizzly,CB_09,w1,thick,CB
grizzly,CB_10,w1,soft,CB
grizzly,CB_11,w1,fur,CB
grizzly,CB_12,w1,soft,CB
grizzly,CB_13,w1,fur,CB
grizzly,CB_14,w1,coarse,CB
grizzly,CB_15,w1,fur,CB
grizzly,CB_16,w1,fur,CB
grizzly,CB_17,w1,medium,CB
grizzly,CB_18,w1,shaggy,CB
grizzly,CB_19,w1,fur,CB
grizzly,CB_23,w1,thick,CB
hippo,CB_01,w1,medium,CB
hippo,CB_02,w1,fur,CB
hippo,CB_03,w1,skin,CB
hippo,CB_04,w1,short,CB
hippo,CB_05,w1,smooth,CB
hippo,CB_06,w1,rough,CB
hippo,CB_08,w1,SMOOTH,CB
hippo,CB_09,w1,thin,CB
hippo,CB_10,w1,rough,CB
hippo,CB_11,w1,fur,CB
hippo,CB_12,w1,coarse,CB
hippo,CB_13,w1,rough,CB
hippo,CB_14,w1,coarse,CB
hippo,CB_15,w1,smooth,CB
hippo,CB_16,w1,rough,CB
hippo,CB_17,w1,tough,CB
hippo,CB_18,w1,bristly,CB
hippo,CB_19,w1,fur,CB
hippo,CB_23,w1,thick,CB
killerwhale,CB_01,w1,smooth,CB
killerwhale,CB_02,w1,scales,CB
killerwhale,CB_03,w1,scales,CB
killerwhale,CB_04,w1,smooth,CB
killerwhale,CB_05,w1,smooth,CB
killerwhale,CB_06,w1,scales,CB
killerwhale,CB_08,w1,smooth,CB
killerwhale,CB_09,w1,slick,CB
killerwhale,CB_10,w1,wet,CB
killerwhale,CB_11,w1,rough,CB
killerwhale,CB_12,w1,slippery,CB
killerwhale,CB_13,w1,smooth,CB
killerwhale,CB_14,w1,slimy,CB
killerwhale,CB_15,w1,smooth,CB
killerwhale,CB_16,w1,smooth,CB
killerwhale,CB_17,w1,scales,CB
killerwhale,CB_18,w1,unknown,CB
killerwhale,CB_19,w1,scales,CB
killerwhale,CB_23,w1,slippery,CB
lion,CB_01,w1,long,CB
lion,CB_02,w1,fur,CB
lion,CB_03,w1,fur,CB
lion,CB_04,w1,hi,CB
lion,CB_05,w1,short,CB
lion,CB_06,w1,soft,CB
lion,CB_08,w1,soft,CB
lion,CB_09,w1,thin,CB
lion,CB_10,w1,rough,CB
lion,CB_11,w1,fur,CB
lion,CB_12,w1,coarse,CB
lion,CB_13,w1,fur,CB
lion,CB_14,w1,short,CB
lion,CB_15,w1,fur,CB
lion,CB_16,w1,fur,CB
lion,CB_17,w1,short,CB
lion,CB_18,w1,shaggy,CB
lion,CB_19,w1,fur,CB
lion,CB_23,w1,thick,CB
llama,CB_01,w1,medium,CB
llama,CB_02,w1,fur,CB
llama,CB_03,w1,thick,CB
llama,CB_04,w1,hi,CB
llama,CB_05,w1,long,CB
llama,CB_06,w1,soft,CB
llama,CB_08,w1,rough,CB
llama,CB_09,w1,thin,CB
llama,CB_10,w1,soft,CB
llama,CB_11,w1,fur,CB
llama,CB_12,w1,wooly,CB
llama,CB_13,w1,fur,CB
llama,CB_14,w1,short,CB
llama,CB_16,w1,fur,CB
llama,CB_17,w1,tough,CB
llama,CB_18,w1,hair,CB
llama,CB_19,w1,rough,CB
llama,CB_23,w1,thick fur,CB
mammoth,CB_01,w1,short,CB
mammoth,CB_02,w1,fur,CB
mammoth,CB_03,w1,thick,CB
mammoth,CB_04,w1,hi,CB
mammoth,CB_05,w1,long,CB
mammoth,CB_06,w1,rough,CB
mammoth,CB_08,w1,rough,CB
mammoth,CB_09,w1,thick,CB
mammoth,CB_10,w1,soft,CB
mammoth,CB_11,w1,smooth,CB
mammoth,CB_12,w1,wooly,CB
mammoth,CB_13,w1,rough,CB
mammoth,CB_14,w1,coarse,CB
mammoth,CB_15,w1,wooly,CB
mammoth,CB_16,w1,fur,CB
mammoth,CB_17,w1,coarse,CB
mammoth,CB_18,w1,fluffy,CB
mammoth,CB_19,w1,fur,CB
mammoth,CB_23,w1,rough,CB
panda,CB_01,w1,coarse,CB
panda,CB_02,w1,fur,CB
panda,CB_03,w1,fur,CB
panda,CB_04,w1,short,CB
panda,CB_05,w1,long,CB
panda,CB_06,w1,soft,CB
panda,CB_08,w1,soft,CB
panda,CB_09,w1,thick,CB
panda,CB_10,w1,soft,CB
panda,CB_11,w1,fur,CB
panda,CB_12,w1,soft,CB
panda,CB_13,w1,fur,CB
panda,CB_14,w1,short,CB
panda,CB_15,w1,fur,CB
panda,CB_16,w1,fur,CB
panda,CB_17,w1,medium,CB
panda,CB_18,w1,fluffy,CB
panda,CB_19,w1,rough,CB
panda,CB_23,w1,thick,CB
panther,CB_01,w1,medium,CB
panther,CB_02,w1,fur,CB
panther,CB_03,w1,fine,CB
panther,CB_04,w1,hi,CB
panther,CB_05,w1,short,CB
panther,CB_06,w1,soft,CB
panther,CB_08,w1,soft,CB
panther,CB_09,w1,thick,CB
panther,CB_10,w1,soft,CB
panther,CB_11,w1,fur,CB
panther,CB_12,w1,coarse,CB
panther,CB_13,w1,fur,CB
panther,CB_14,w1,short,CB
panther,CB_15,w1,fur,CB
panther,CB_16,w1,fur,CB
panther,CB_17,w1,short,CB
panther,CB_18,w1,bristly,CB
panther,CB_19,w1,fur,CB
panther,CB_23,w1,thick,CB
pig,CB_01,w1,coarse,CB
pig,CB_02,w1,fur,CB
pig,CB_03,w1,fine,CB
pig,CB_04,w1,short,CB
pig,CB_05,w1,bushy,CB
pig,CB_06,w1,smooth,CB
pig,CB_08,w1,rough,CB
pig,CB_09,w1,fluffy,CB
pig,CB_10,w1,rough,CB
pig,CB_11,w1,feathers,CB
pig,CB_12,w1,coarse,CB
pig,CB_13,w1,rough,CB
pig,CB_14,w1,short,CB
pig,CB_15,w1,brushy,CB
pig,CB_16,w1,fur,CB
pig,CB_17,w1,tough,CB
pig,CB_18,w1,feathers,CB
pig,CB_19,w1,fur,CB
pig,CB_23,w1,thick,CB
pigeon,CB_01,w1,feathers,CB
pigeon,CB_02,w1,feathers,CB
pigeon,CB_03,w1,feathers,CB
pigeon,CB_04,w1,feathers,CB
pigeon,CB_05,w1,feathers,CB
pigeon,CB_06,w1,feathers,CB
pigeon,CB_08,w1,feathers,CB
pigeon,CB_09,w1,fluffy,CB
pigeon,CB_10,w1,feathers,CB
pigeon,CB_11,w1,feathers,CB
pigeon,CB_12,w1,feathers,CB
pigeon,CB_13,w1,feathers,CB
pigeon,CB_14,w1,feathers,CB
pigeon,CB_15,w1,feathers,CB
pigeon,CB_16,w1,rough,CB
pigeon,CB_17,w1,coarse,CB
pigeon,CB_18,w1,fluffy,CB
pigeon,CB_19,w1,feathers,CB
pigeon,CB_23,w1,fine fur,CB
polarbear,CB_01,w1,coarse,CB
polarbear,CB_02,w1,fur,CB
polarbear,CB_03,w1,fur,CB
polarbear,CB_04,w1,hi,CB
polarbear,CB_05,w1,long,CB
polarbear,CB_06,w1,soft,CB
polarbear,CB_08,w1,smooth,CB
polarbear,CB_09,w1,thick,CB
polarbear,CB_10,w1,soft,CB
polarbear,CB_11,w1,fur,CB
polarbear,CB_12,w1,soft,CB
polarbear,CB_13,w1,fur,CB
polarbear,CB_14,w1,coarse,CB
polarbear,CB_15,w1,fur,CB
polarbear,CB_16,w1,fur,CB
polarbear,CB_17,w1,medium,CB
polarbear,CB_18,w1,leather,CB
polarbear,CB_19,w1,fur,CB
polarbear,CB_23,w1,thick,CB
rhino,CB_01,w1,medium,CB
rhino,CB_02,w1,fur,CB
rhino,CB_03,w1,thick,CB
rhino,CB_04,w1,short,CB
rhino,CB_05,w1,rough,CB
rhino,CB_06,w1,rough,CB
rhino,CB_08,w1,rough,CB
rhino,CB_09,w1,rough,CB
rhino,CB_10,w1,rough,CB
rhino,CB_11,w1,feathers,CB
rhino,CB_12,w1,coarse,CB
rhino,CB_13,w1,rough,CB
rhino,CB_14,w1,coarse,CB
rhino,CB_15,w1,smooth,CB
rhino,CB_16,w1,rough,CB
rhino,CB_17,w1,short,CB
rhino,CB_18,w1,unknown,CB
rhino,CB_19,w1,rough,CB
rhino,CB_23,w1,thick,CB
shark,CB_01,w1,scales,CB
shark,CB_02,w1,scales,CB
shark,CB_03,w1,scales,CB
shark,CB_04,w1,smooth,CB
shark,CB_05,w1,rough,CB
shark,CB_06,w1,scales,CB
shark,CB_08,w1,smooth,CB
shark,CB_09,w1,slick,CB
shark,CB_10,w1,wet,CB
shark,CB_11,w1,rough,CB
shark,CB_12,w1,slippery,CB
shark,CB_13,w1,smooth,CB
shark,CB_14,w1,slimy,CB
shark,CB_15,w1,smooth,CB
shark,CB_16,w1,rough,CB
shark,CB_17,w1,scales,CB
shark,CB_18,w1,fleece,CB
shark,CB_19,w1,scales,CB
shark,CB_23,w1,rough,CB
sheep,CB_01,w1,short,CB
sheep,CB_02,w1,fur,CB
sheep,CB_03,w1,thick,CB
sheep,CB_04,w1,hi,CB
sheep,CB_05,w1,long,CB
sheep,CB_06,w1,rough,CB
sheep,CB_08,w1,soft,CB
sheep,CB_09,w1,thick,CB
sheep,CB_10,w1,soft,CB
sheep,CB_11,w1,medium,CB
sheep,CB_12,w1,wooly,CB
sheep,CB_13,w1,fur,CB
sheep,CB_14,w1,short,CB
sheep,CB_15,w1,wooly,CB
sheep,CB_16,w1,fur,CB
sheep,CB_17,w1,soft,CB
sheep,CB_18,w1,hair,CB
sheep,CB_19,w1,fur,CB
sheep,CB_23,w1,thick,CB
skunk,CB_01,w1,rough,CB
skunk,CB_02,w1,fur,CB
skunk,CB_03,w1,fine,CB
skunk,CB_04,w1,short,CB
skunk,CB_05,w1,short,CB
skunk,CB_06,w1,soft,CB
skunk,CB_08,w1,soft,CB
skunk,CB_09,w1,rough,CB
skunk,CB_10,w1,rough,CB
skunk,CB_11,w1,medium,CB
skunk,CB_12,w1,soft,CB
skunk,CB_13,w1,fur,CB
skunk,CB_14,w1,short,CB
skunk,CB_15,w1,fur,CB
skunk,CB_16,w1,fur,CB
skunk,CB_17,w1,short,CB
skunk,CB_18,w1,fleece,CB
skunk,CB_19,w1,fur,CB
skunk,CB_23,w1,thick,CB
sloth,CB_01,w1,long,CB
sloth,CB_02,w1,skin,CB
sloth,CB_03,w1,skin,CB
sloth,CB_04,w1,hi,CB
sloth,CB_05,w1,long,CB
sloth,CB_06,w1,soft,CB
sloth,CB_08,w1,smooth,CB
sloth,CB_09,w1,slick,CB
sloth,CB_10,w1,rough,CB
sloth,CB_11,w1,rough,CB
sloth,CB_12,w1,rough,CB
sloth,CB_13,w1,rough,CB
sloth,CB_14,w1,slimy,CB
sloth,CB_15,w1,fur,CB
sloth,CB_16,w1,rough,CB
sloth,CB_17,w1,coarse,CB
sloth,CB_18,w1,hair,CB
sloth,CB_19,w1,scales,CB
sloth,CB_23,w1,IDK,CB
swan,CB_01,w1,scales,CB
swan,CB_02,w1,feathers,CB
swan,CB_03,w1,feathers,CB
swan,CB_04,w1,feathers,CB
swan,CB_05,w1,feathers,CB
swan,CB_06,w1,feathers,CB
swan,CB_08,w1,feathers,CB
swan,CB_09,w1,fluffy,CB
swan,CB_10,w1,wet,CB
swan,CB_11,w1,feathers,CB
swan,CB_12,w1,feathers,CB
swan,CB_13,w1,feathers,CB
swan,CB_14,w1,feathers,CB
swan,CB_15,w1,feathers,CB
swan,CB_16,w1,fur,CB
swan,CB_17,w1,coarse,CB
swan,CB_18,w1,feathers,CB
swan,CB_19,w1,feathers,CB
swan,CB_23,w1,fine,CB
zebra,CB_01,w1,short,CB
zebra,CB_02,w1,fur,CB
zebra,CB_03,w1,fine,CB
zebra,CB_04,w1,short,CB
zebra,CB_05,w1,short,CB
zebra,CB_06,w1,rough,CB
zebra,CB_08,w1,rough,CB
zebra,CB_09,w1,thin,CB
zebra,CB_10,w1,rough,CB
zebra,CB_11,w1,medium,CB
zebra,CB_12,w1,coarse,CB
zebra,CB_13,w1,fur,CB
zebra,CB_14,w1,short,CB
zebra,CB_15,w1,fur,CB
zebra,CB_16,w1,fur,CB
zebra,CB_17,w1,short,CB
zebra,CB_18,w1,hair,CB
zebra,CB_19,w1,fur,CB
zebra,CB_23,w1,thick fur,CB
bat,CB_04,w2,skin,CB
bat,CB_05,w2,hair,CB
bat,CB_09,w2,fur,CB
bat,CB_10,w2,skin,CB
bat,CB_12,w2,fur,CB
bat,CB_13,w2,hair,CB
bat,CB_17,w2,long,CB
bat,CB_18,w2,curly,CB
bat,CB_23,w2,fur,CB
beaver,CB_03,w2,fur,CB
beaver,CB_04,w2,fur,CB
beaver,CB_05,w2,thick,CB
beaver,CB_08,w2,course,CB
beaver,CB_10,w2,rubber,CB
beaver,CB_12,w2,fur,CB
beaver,CB_13,w2,hair,CB
beaver,CB_17,w2,fur,CB
beaver,CB_18,w2,silk,CB
beaver,CB_23,w2,fur,CB
boar,CB_03,w2,fur,CB
boar,CB_04,w2,fur,CB
boar,CB_08,w2,coarse,CB
boar,CB_10,w2,skin,CB
boar,CB_11,w2,skin,CB
boar,CB_12,w2,hair,CB
boar,CB_13,w2,skin,CB
boar,CB_14,w2,hair,CB
boar,CB_15,w2,rough,CB
boar,CB_17,w2,rough,CB
boar,CB_19,w2,skin,CB
boar,CB_23,w2,fur,CB
cheetah,CB_03,w2,fur,CB
cheetah,CB_04,w2,fur,CB
cheetah,CB_05,w2,hair,CB
cheetah,CB_08,w2,smooth,CB
cheetah,CB_09,w2,fur,CB
cheetah,CB_10,w2,skin,CB
cheetah,CB_11,w2,skin,CB
cheetah,CB_12,w2,hair,CB
cheetah,CB_13,w2,hair,CB
cheetah,CB_14,w2,hair,CB
cheetah,CB_17,w2,hair,CB
cheetah,CB_23,w2,fur,CB
crow,CB_09,w2,feathers,CB
crow,CB_17,w2,long,CB
crow,CB_23,w2,fur,CB
deer,CB_04,w2,fur,CB
deer,CB_05,w2,hair,CB
deer,CB_08,w2,smooth,CB
deer,CB_09,w2,fur,CB
deer,CB_10,w2,fur,CB
deer,CB_11,w2,skin,CB
deer,CB_12,w2,hair,CB
deer,CB_13,w2,hair,CB
deer,CB_14,w2,hair,CB
deer,CB_17,w2,fur,CB
deer,CB_18,w2,flat,CB
deer,CB_23,w2,fur,CB
dolphin,CB_04,w2,skin,CB
dolphin,CB_09,w2,smooth,CB
dolphin,CB_10,w2,rubber,CB
dolphin,CB_11,w2,skin,CB
dolphin,CB_12,w2,skin,CB
dolphin,CB_13,w2,skin,CB
dolphin,CB_15,w2,skin,CB
dolphin,CB_17,w2,fur,CB
dolphin,CB_23,w2,skin,CB
elephant,CB_03,w2,skin,CB
elephant,CB_04,w2,skin,CB
elephant,CB_08,w2,coarse,CB
elephant,CB_10,w2,skin,CB
elephant,CB_11,w2,skin,CB
elephant,CB_12,w2,hair,CB
elephant,CB_13,w2,skin,CB
elephant,CB_14,w2,hair,CB
elephant,CB_15,w2,skin,CB
elephant,CB_17,w2,rough,CB
elephant,CB_18,w2,curly,CB
elephant,CB_19,w2,skin,CB
elephant,CB_23,w2,skin,CB
flamingo,CB_09,w2,feathers,CB
flamingo,CB_17,w2,long,CB
flamingo,CB_23,w2,fur,CB
giraffe,CB_04,w2,fur,CB
giraffe,CB_05,w2,hair,CB
giraffe,CB_08,w2,coarse,CB
giraffe,CB_09,w2,fur,CB
giraffe,CB_10,w2,skin,CB
giraffe,CB_11,w2,skin,CB
giraffe,CB_12,w2,skin,CB
giraffe,CB_13,w2,skin,CB
giraffe,CB_14,w2,hair,CB
giraffe,CB_15,w2,skin,CB
giraffe,CB_17,w2,hair,CB
giraffe,CB_18,w2,curly,CB
giraffe,CB_23,w2,skin,CB
goat,CB_03,w2,fur,CB
goat,CB_04,w2,fur,CB
goat,CB_05,w2,hair,CB
goat,CB_08,w2,coarse,CB
goat,CB_09,w2,fur,CB
goat,CB_10,w2,fur,CB
goat,CB_11,w2,fur,CB
goat,CB_12,w2,hair,CB
goat,CB_13,w2,hair,CB
goat,CB_14,w2,hair,CB
goat,CB_17,w2,rough,CB
goat,CB_23,w2,fur,CB
gorilla,CB_04,w2,fur,CB
gorilla,CB_05,w2,hair,CB
gorilla,CB_09,w2,fur,CB
gorilla,CB_10,w2,skin,CB
gorilla,CB_12,w2,hair,CB
gorilla,CB_13,w2,skin,CB
gorilla,CB_14,w2,hair,CB
gorilla,CB_17,w2,rough,CB
gorilla,CB_18,w2,curly,CB
gorilla,CB_19,w2,skin,CB
gorilla,CB_23,w2,fur,CB
grizzly,CB_04,w2,fur,CB
grizzly,CB_05,w2,thick,CB
grizzly,CB_08,w2,coarse,CB
grizzly,CB_09,w2,fur,CB
grizzly,CB_10,w2,fur,CB
grizzly,CB_12,w2,fur,CB
grizzly,CB_13,w2,hair,CB
grizzly,CB_14,w2,hair,CB
grizzly,CB_17,w2,thick,CB
grizzly,CB_23,w2,fur,CB
hippo,CB_04,w2,fur,CB
hippo,CB_09,w2,fur,CB
hippo,CB_10,w2,skin,CB
hippo,CB_12,w2,hair,CB
hippo,CB_13,w2,skin,CB
hippo,CB_14,w2,hair,CB
hippo,CB_15,w2,skin,CB
hippo,CB_17,w2,rough,CB
hippo,CB_23,w2,fur,CB
killerwhale,CB_04,w2,skin,CB
killerwhale,CB_09,w2,smooth,CB
killerwhale,CB_10,w2,rubber,CB
killerwhale,CB_11,w2,skin,CB
killerwhale,CB_12,w2,skin,CB
killerwhale,CB_13,w2,skin,CB
killerwhale,CB_15,w2,skin,CB
killerwhale,CB_23,w2,skin,CB
lion,CB_04,w2,fur,CB
lion,CB_05,w2,hair,CB
lion,CB_08,w2,smooth,CB
lion,CB_09,w2,fur,CB
lion,CB_10,w2,skin,CB
lion,CB_12,w2,hair,CB
lion,CB_13,w2,hair,CB
lion,CB_14,w2,hair,CB
lion,CB_17,w2,hair,CB
lion,CB_23,w2,fur,CB
llama,CB_03,w2,fur,CB
llama,CB_04,w2,fur,CB
llama,CB_05,w2,thick,CB
llama,CB_08,w2,coarse,CB
llama,CB_09,w2,fur,CB
llama,CB_10,w2,fur,CB
llama,CB_13,w2,hair,CB
llama,CB_14,w2,hair,CB
llama,CB_17,w2,rough,CB
llama,CB_18,w2,curly,CB
llama,CB_19,w2,skin,CB
mammoth,CB_03,w2,skin,CB
mammoth,CB_04,w2,fur,CB
mammoth,CB_05,w2,thick,CB
mammoth,CB_08,w2,coarse,CB
mammoth,CB_09,w2,fur,CB
mammoth,CB_10,w2,fur,CB
mammoth,CB_11,w2,skin,CB
mammoth,CB_13,w2,skin,CB
mammoth,CB_14,w2,hair,CB
mammoth,CB_17,w2,long,CB
mammoth,CB_18,w2,silk,CB
mammoth,CB_23,w2,skin,CB
panda,CB_04,w2,fur,CB
panda,CB_05,w2,thick,CB
panda,CB_08,w2,smooth,CB
panda,CB_09,w2,fur,CB
panda,CB_10,w2,fur,CB
panda,CB_12,w2,fur,CB
panda,CB_13,w2,hair,CB
panda,CB_14,w2,hair,CB
panda,CB_17,w2,thick,CB
panda,CB_18,w2,silk,CB
panda,CB_19,w2,skin,CB
panda,CB_23,w2,fur,CB
panther,CB_03,w2,fur,CB
panther,CB_04,w2,fur,CB
panther,CB_05,w2,hair,CB
panther,CB_08,w2,smooth,CB
panther,CB_09,w2,fur,CB
panther,CB_10,w2,fur,CB
panther,CB_12,w2,hair,CB
panther,CB_13,w2,hair,CB
panther,CB_14,w2,hair,CB
panther,CB_17,w2,hair,CB
panther,CB_23,w2,fur,CB
pig,CB_03,w2,fur,CB
pig,CB_04,w2,fur,CB
pig,CB_08,w2,coarse,CB
pig,CB_09,w2,feathers,CB
pig,CB_10,w2,skin,CB
pig,CB_12,w2,hair,CB
pig,CB_13,w2,skin,CB
pig,CB_14,w2,hair,CB
pig,CB_15,w2,rough,CB
pig,CB_17,w2,rough,CB
pig,CB_23,w2,fur,CB
pigeon,CB_09,w2,feathers,CB
pigeon,CB_17,w2,long,CB
pigeon,CB_18,w2,silk,CB
polarbear,CB_04,w2,fur,CB
polarbear,CB_05,w2,thick,CB
polarbear,CB_09,w2,fur,CB
polarbear,CB_10,w2,fur,CB
polarbear,CB_12,w2,fur,CB
polarbear,CB_13,w2,hair,CB
polarbear,CB_14,w2,hair,CB
polarbear,CB_17,w2,thick,CB
polarbear,CB_23,w2,fur,CB
rhino,CB_03,w2,skin,CB
rhino,CB_04,w2,fur,CB
rhino,CB_08,w2,coarse,CB
rhino,CB_10,w2,skin,CB
rhino,CB_12,w2,hair,CB
rhino,CB_13,w2,skin,CB
rhino,CB_14,w2,hair,CB
rhino,CB_15,w2,skin,CB
rhino,CB_17,w2,hair,CB
rhino,CB_19,w2,skin,CB
rhino,CB_23,w2,fur,CB
shark,CB_04,w2,skin,CB
shark,CB_09,w2,smooth,CB
shark,CB_10,w2,rubber,CB
shark,CB_11,w2,skin,CB
shark,CB_12,w2,scales,CB
shark,CB_13,w2,skin,CB
shark,CB_15,w2,skin,CB
shark,CB_23,w2,skin,CB
sheep,CB_03,w2,fur,CB
sheep,CB_04,w2,fur,CB
sheep,CB_05,w2,thick,CB
sheep,CB_08,w2,smooth,CB
sheep,CB_09,w2,fur,CB
sheep,CB_10,w2,fur,CB
sheep,CB_11,w2,fur,CB
sheep,CB_13,w2,hair,CB
sheep,CB_14,w2,hair,CB
sheep,CB_17,w2,fur,CB
sheep,CB_18,w2,flat,CB
sheep,CB_23,w2,fur,CB
skunk,CB_03,w2,fur,CB
skunk,CB_04,w2,fur,CB
skunk,CB_05,w2,hair,CB
skunk,CB_08,w2,smooth,CB
skunk,CB_10,w2,skin,CB
skunk,CB_11,w2,fur,CB
skunk,CB_12,w2,fur,CB
skunk,CB_13,w2,hair,CB
skunk,CB_14,w2,hair,CB
skunk,CB_17,w2,hair,CB
skunk,CB_23,w2,fur,CB
sloth,CB_04,w2,fur,CB
sloth,CB_05,w2,thick,CB
sloth,CB_09,w2,smooth,CB
sloth,CB_10,w2,skin,CB
sloth,CB_11,w2,skin,CB
sloth,CB_12,w2,skin,CB
sloth,CB_13,w2,skin,CB
sloth,CB_17,w2,long,CB
sloth,CB_18,w2,flat,CB
swan,CB_09,w2,feathers,CB
swan,CB_10,w2,rubber,CB
swan,CB_17,w2,long,CB
swan,CB_23,w2,fur,CB
zebra,CB_03,w2,fur,CB
zebra,CB_04,w2,fur,CB
zebra,CB_05,w2,hair,CB
zebra,CB_08,w2,coarse,CB
zebra,CB_09,w2,fur,CB
zebra,CB_10,w2,skin,CB
zebra,CB_11,w2,fur,CB
zebra,CB_12,w2,hair,CB
zebra,CB_13,w2,hair,CB
zebra,CB_14,w2,hair,CB
zebra,CB_17,w2,hair,CB
zebra,CB_18,w2,curly,CB
bat,CB_17,w3,hair,CB
beaver,CB_05,w3,hair,CB
beaver,CB_08,w3,hair,CB
beaver,CB_12,w3,valuable,CB
beaver,CB_17,w3,valuable,CB
beaver,CB_18,w3,soft,CB
boar,CB_08,w3,hair,CB
crow,CB_17,w3,hair,CB
deer,CB_17,w3,valuable,CB
dolphin,CB_17,w3,valuable,CB
elephant,CB_08,w3,hair,CB
flamingo,CB_17,w3,hair,CB
giraffe,CB_08,w3,hair,CB
goat,CB_08,w3,hair,CB
grizzly,CB_05,w3,hair,CB
grizzly,CB_08,w3,hair,CB
grizzly,CB_17,w3,fur,CB
llama,CB_05,w3,hair,CB
llama,CB_08,w3,hair,CB
mammoth,CB_05,w3,hair,CB
mammoth,CB_08,w3,hair,CB
mammoth,CB_17,w3,hair,CB
mammoth,CB_18,w3,soft,CB
panda,CB_05,w3,hair,CB
panda,CB_17,w3,fur,CB
panda,CB_18,w3,soft,CB
pig,CB_08,w3,hair,CB
pigeon,CB_17,w3,hair,CB
pigeon,CB_18,w3,soft,CB
polarbear,CB_05,w3,hair,CB
polarbear,CB_17,w3,fur,CB
rhino,CB_08,w3,hair,CB
sheep,CB_05,w3,hair,CB
sheep,CB_17,w3,valuable,CB
sloth,CB_05,w3,hair,CB
sloth,CB_17,w3,hair,CB
swan,CB_17,w3,hair,CB
zebra,CB_08,w3,hair,CB
beaver,CB_12,w4,skin,CB
beaver,CB_17,w4,skin,CB
deer,CB_17,w4,skin,CB
dolphin,CB_17,w4,skin,CB
sheep,CB_17,w4,skin,CB
bat,S_01,w1,short,SIGHTED
bat,S_02,w1,fur,SIGHTED
bat,S_03,w1,skin,SIGHTED
bat,S_04,w1,short,SIGHTED
bat,S_05,w1,rough,SIGHTED
bat,S_06,w1,sparse,SIGHTED
bat,S_07,w1,coarse,SIGHTED
bat,S_08,w1,feathers,SIGHTED
bat,S_09,w1,short,SIGHTED
bat,S_10,w1,soft,SIGHTED
bat,S_11,w1,rough,SIGHTED
bat,S_12,w1,fur,SIGHTED
bat,S_13,w1,thin,SIGHTED
bat,S_14,w1,light,SIGHTED
bat,S_15,w1,short,SIGHTED
bat,S_16,w1,rough,SIGHTED
bat,S_17,w1,leather,SIGHTED
bat,S_18,w1,smooth,SIGHTED
bat,S_19,w1,smooth,SIGHTED
bat,S_20,w1,rough,SIGHTED
beaver,S_01,w1,short,SIGHTED
beaver,S_02,w1,fur,SIGHTED
beaver,S_03,w1,hair,SIGHTED
beaver,S_04,w1,short,SIGHTED
beaver,S_05,w1,fur,SIGHTED
beaver,S_06,w1,short,SIGHTED
beaver,S_07,w1,soft,SIGHTED
beaver,S_08,w1,fuzz,SIGHTED
beaver,S_09,w1,long,SIGHTED
beaver,S_10,w1,soft,SIGHTED
beaver,S_11,w1,rough,SIGHTED
beaver,S_12,w1,fur,SIGHTED
beaver,S_13,w1,thin,SIGHTED
beaver,S_14,w1,hair,SIGHTED
beaver,S_15,w1,coarse,SIGHTED
beaver,S_16,w1,smooth,SIGHTED
beaver,S_17,w1,bristles,SIGHTED
beaver,S_18,w1,coarse,SIGHTED
beaver,S_19,w1,coarse,SIGHTED
beaver,S_20,w1,soft,SIGHTED
boar,S_01,w1,short,SIGHTED
boar,S_02,w1,fur,SIGHTED
boar,S_03,w1,skin,SIGHTED
boar,S_04,w1,sparse,SIGHTED
boar,S_05,w1,rough,SIGHTED
boar,S_06,w1,sparse,SIGHTED
boar,S_07,w1,coarse,SIGHTED
boar,S_08,w1,fuzz,SIGHTED
boar,S_09,w1,long,SIGHTED
boar,S_10,w1,thin,SIGHTED
boar,S_11,w1,rough,SIGHTED
boar,S_12,w1,fur,SIGHTED
boar,S_13,w1,thin,SIGHTED
boar,S_14,w1,medium,SIGHTED
boar,S_15,w1,coarse,SIGHTED
boar,S_16,w1,smooth,SIGHTED
boar,S_17,w1,silk,SIGHTED
boar,S_18,w1,long,SIGHTED
boar,S_19,w1,long,SIGHTED
boar,S_20,w1,soft,SIGHTED
cheetah,S_01,w1,short,SIGHTED
cheetah,S_02,w1,fur,SIGHTED
cheetah,S_03,w1,hair,SIGHTED
cheetah,S_04,w1,short,SIGHTED
cheetah,S_05,w1,fur,SIGHTED
cheetah,S_06,w1,short,SIGHTED
cheetah,S_07,w1,soft,SIGHTED
cheetah,S_08,w1,fuzz,SIGHTED
cheetah,S_09,w1,long,SIGHTED
cheetah,S_10,w1,soft,SIGHTED
cheetah,S_11,w1,rough,SIGHTED
cheetah,S_12,w1,fur,SIGHTED
cheetah,S_13,w1,thin,SIGHTED
cheetah,S_14,w1,medium,SIGHTED
cheetah,S_15,w1,short,SIGHTED
cheetah,S_16,w1,smooth,SIGHTED
cheetah,S_17,w1,silk,SIGHTED
cheetah,S_18,w1,coarse,SIGHTED
cheetah,S_19,w1,short,SIGHTED
cheetah,S_20,w1,rough,SIGHTED
crow,S_01,w1,feathers,SIGHTED
crow,S_02,w1,feathers,SIGHTED
crow,S_03,w1,feathers,SIGHTED
crow,S_04,w1,feathers,SIGHTED
crow,S_05,w1,feathers,SIGHTED
crow,S_06,w1,soft,SIGHTED
crow,S_07,w1,feathers,SIGHTED
crow,S_08,w1,feathers,SIGHTED
crow,S_09,w1,feathers,SIGHTED
crow,S_10,w1,feathers,SIGHTED
crow,S_11,w1,smooth,SIGHTED
crow,S_12,w1,feathers,SIGHTED
crow,S_13,w1,feathers,SIGHTED
crow,S_14,w1,feathers,SIGHTED
crow,S_15,w1,small,SIGHTED
crow,S_16,w1,rough,SIGHTED
crow,S_17,w1,fluff,SIGHTED
crow,S_18,w1,feathers,SIGHTED
crow,S_19,w1,feathers,SIGHTED
crow,S_20,w1,feathers,SIGHTED
deer,S_01,w1,short,SIGHTED
deer,S_02,w1,fur,SIGHTED
deer,S_03,w1,hair,SIGHTED
deer,S_04,w1,short,SIGHTED
deer,S_05,w1,fur,SIGHTED
deer,S_06,w1,short,SIGHTED
deer,S_07,w1,soft,SIGHTED
deer,S_08,w1,fuzz,SIGHTED
deer,S_09,w1,long,SIGHTED
deer,S_10,w1,soft,SIGHTED
deer,S_11,w1,rough,SIGHTED
deer,S_12,w1,fur,SIGHTED
deer,S_13,w1,thin,SIGHTED
deer,S_14,w1,medium,SIGHTED
deer,S_15,w1,short,SIGHTED
deer,S_16,w1,smooth,SIGHTED
deer,S_17,w1,silk,SIGHTED
deer,S_18,w1,coarse,SIGHTED
deer,S_19,w1,short,SIGHTED
deer,S_20,w1,rough,SIGHTED
dolphin,S_01,w1,smooth,SIGHTED
dolphin,S_02,w1,smooth,SIGHTED
dolphin,S_03,w1,slippery,SIGHTED
dolphin,S_04,w1,smooth,SIGHTED
dolphin,S_05,w1,slippery,SIGHTED
dolphin,S_06,w1,smooth,SIGHTED
dolphin,S_07,w1,soft,SIGHTED
dolphin,S_08,w1,scales,SIGHTED
dolphin,S_09,w1,rubber,SIGHTED
dolphin,S_10,w1,wet,SIGHTED
dolphin,S_11,w1,smooth,SIGHTED
dolphin,S_12,w1,skin,SIGHTED
dolphin,S_13,w1,thick,SIGHTED
dolphin,S_14,w1,smooth,SIGHTED
dolphin,S_15,w1,smooth,SIGHTED
dolphin,S_16,w1,smooth,SIGHTED
dolphin,S_17,w1,slick,SIGHTED
dolphin,S_18,w1,smooth,SIGHTED
dolphin,S_19,w1,slippery,SIGHTED
dolphin,S_20,w1,smooth,SIGHTED
elephant,S_01,w1,smooth,SIGHTED
elephant,S_02,w1,smooth,SIGHTED
elephant,S_03,w1,skin,SIGHTED
elephant,S_04,w1,sparse,SIGHTED
elephant,S_05,w1,rough,SIGHTED
elephant,S_06,w1,coarse,SIGHTED
elephant,S_07,w1,coarse,SIGHTED
elephant,S_08,w1,smooth,SIGHTED
elephant,S_09,w1,short,SIGHTED
elephant,S_10,w1,thin,SIGHTED
elephant,S_11,w1,rough,SIGHTED
elephant,S_12,w1,skin,SIGHTED
elephant,S_13,w1,thick,SIGHTED
elephant,S_14,w1,light,SIGHTED
elephant,S_15,w1,tough,SIGHTED
elephant,S_16,w1,smooth,SIGHTED
elephant,S_17,w1,leather,SIGHTED
elephant,S_18,w1,skin,SIGHTED
elephant,S_19,w1,rough,SIGHTED
elephant,S_20,w1,rough,SIGHTED
flamingo,S_01,w1,feathers,SIGHTED
flamingo,S_02,w1,feathers,SIGHTED
flamingo,S_03,w1,feathers,SIGHTED
flamingo,S_04,w1,feathers,SIGHTED
flamingo,S_05,w1,rough,SIGHTED
flamingo,S_06,w1,soft,SIGHTED
flamingo,S_07,w1,feathers,SIGHTED
flamingo,S_08,w1,feathers,SIGHTED
flamingo,S_09,w1,feathers,SIGHTED
flamingo,S_10,w1,feathers,SIGHTED
flamingo,S_11,w1,smooth,SIGHTED
flamingo,S_12,w1,feathers,SIGHTED
flamingo,S_13,w1,feathers,SIGHTED
flamingo,S_14,w1,feathers,SIGHTED
flamingo,S_15,w1,big,SIGHTED
flamingo,S_16,w1,rough,SIGHTED
flamingo,S_17,w1,fluff,SIGHTED
flamingo,S_18,w1,feathers,SIGHTED
flamingo,S_19,w1,feathers,SIGHTED
flamingo,S_20,w1,feathers,SIGHTED
giraffe,S_01,w1,short,SIGHTED
giraffe,S_02,w1,fur,SIGHTED
giraffe,S_03,w1,hair,SIGHTED
giraffe,S_04,w1,short,SIGHTED
giraffe,S_05,w1,fur,SIGHTED
giraffe,S_06,w1,short,SIGHTED
giraffe,S_07,w1,soft,SIGHTED
giraffe,S_08,w1,fuzz,SIGHTED
giraffe,S_09,w1,long,SIGHTED
giraffe,S_10,w1,wiry,SIGHTED
giraffe,S_11,w1,smooth,SIGHTED
giraffe,S_12,w1,fur,SIGHTED
giraffe,S_13,w1,thin,SIGHTED
giraffe,S_14,w1,medium,SIGHTED
giraffe,S_15,w1,short,SIGHTED
giraffe,S_16,w1,smooth,SIGHTED
giraffe,S_17,w1,silk,SIGHTED
giraffe,S_18,w1,coarse,SIGHTED
giraffe,S_19,w1,short,SIGHTED
giraffe,S_20,w1,rough,SIGHTED
goat,S_01,w1,short,SIGHTED
goat,S_02,w1,fur,SIGHTED
goat,S_03,w1,hair,SIGHTED
goat,S_04,w1,short,SIGHTED
goat,S_05,w1,fur,SIGHTED
goat,S_06,w1,short,SIGHTED
goat,S_07,w1,soft,SIGHTED
goat,S_08,w1,fuzz,SIGHTED
goat,S_09,w1,long,SIGHTED
goat,S_10,w1,wiry,SIGHTED
goat,S_11,w1,rough,SIGHTED
goat,S_12,w1,fur,SIGHTED
goat,S_13,w1,thin,SIGHTED
goat,S_14,w1,medium,SIGHTED
goat,S_15,w1,long,SIGHTED
goat,S_16,w1,rough,SIGHTED
goat,S_17,w1,bristles,SIGHTED
goat,S_18,w1,coarse,SIGHTED
goat,S_19,w1,medium,SIGHTED
goat,S_20,w1,rough,SIGHTED
gorilla,S_01,w1,short,SIGHTED
gorilla,S_02,w1,fur,SIGHTED
gorilla,S_03,w1,hair,SIGHTED
gorilla,S_04,w1,humanlike,SIGHTED
gorilla,S_05,w1,fur,SIGHTED
gorilla,S_06,w1,coarse,SIGHTED
gorilla,S_07,w1,soft,SIGHTED
gorilla,S_08,w1,fuzz,SIGHTED
gorilla,S_09,w1,long,SIGHTED
gorilla,S_10,w1,wiry,SIGHTED
gorilla,S_11,w1,rough,SIGHTED
gorilla,S_12,w1,fur,SIGHTED
gorilla,S_13,w1,thick,SIGHTED
gorilla,S_14,w1,hair,SIGHTED
gorilla,S_15,w1,long,SIGHTED
gorilla,S_16,w1,rough,SIGHTED
gorilla,S_17,w1,bristles,SIGHTED
gorilla,S_18,w1,thick,SIGHTED
gorilla,S_19,w1,long,SIGHTED
gorilla,S_20,w1,rough,SIGHTED
grizzly,S_01,w1,short,SIGHTED
grizzly,S_02,w1,fur,SIGHTED
grizzly,S_03,w1,hair,SIGHTED
grizzly,S_04,w1,long,SIGHTED
grizzly,S_05,w1,fur,SIGHTED
grizzly,S_06,w1,thick,SIGHTED
grizzly,S_07,w1,soft,SIGHTED
grizzly,S_08,w1,fuzz,SIGHTED
grizzly,S_09,w1,long,SIGHTED
grizzly,S_10,w1,wiry,SIGHTED
grizzly,S_11,w1,rough,SIGHTED
grizzly,S_12,w1,fur,SIGHTED
grizzly,S_13,w1,thick,SIGHTED
grizzly,S_14,w1,hair,SIGHTED
grizzly,S_15,w1,long,SIGHTED
grizzly,S_16,w1,rough,SIGHTED
grizzly,S_17,w1,fur,SIGHTED
grizzly,S_18,w1,thick,SIGHTED
grizzly,S_19,w1,long,SIGHTED
grizzly,S_20,w1,soft,SIGHTED
hippo,S_01,w1,smooth,SIGHTED
hippo,S_02,w1,smooth,SIGHTED
hippo,S_03,w1,skin,SIGHTED
hippo,S_04,w1,sparse,SIGHTED
hippo,S_05,w1,rough,SIGHTED
hippo,S_06,w1,coarse,SIGHTED
hippo,S_07,w1,coarse,SIGHTED
hippo,S_08,w1,smooth,SIGHTED
hippo,S_09,w1,rubbery,SIGHTED
hippo,S_10,w1,wet,SIGHTED
hippo,S_11,w1,rough,SIGHTED
hippo,S_12,w1,skin,SIGHTED
hippo,S_13,w1,thick,SIGHTED
hippo,S_14,w1,light,SIGHTED
hippo,S_15,w1,short,SIGHTED
hippo,S_16,w1,smooth,SIGHTED
hippo,S_17,w1,leather,SIGHTED
hippo,S_18,w1,skin,SIGHTED
hippo,S_19,w1,rough,SIGHTED
hippo,S_20,w1,rough,SIGHTED
killerwhale,S_01,w1,smooth,SIGHTED
killerwhale,S_02,w1,smooth,SIGHTED
killerwhale,S_03,w1,slippery,SIGHTED
killerwhale,S_04,w1,smooth,SIGHTED
killerwhale,S_05,w1,slippery,SIGHTED
killerwhale,S_06,w1,smooth,SIGHTED
killerwhale,S_07,w1,soft,SIGHTED
killerwhale,S_08,w1,scales,SIGHTED
killerwhale,S_09,w1,rubbery,SIGHTED
killerwhale,S_10,w1,wet,SIGHTED
killerwhale,S_11,w1,smooth,SIGHTED
killerwhale,S_12,w1,skin,SIGHTED
killerwhale,S_13,w1,thick,SIGHTED
killerwhale,S_14,w1,smooth,SIGHTED
killerwhale,S_15,w1,smooth,SIGHTED
killerwhale,S_16,w1,smooth,SIGHTED
killerwhale,S_17,w1,slick,SIGHTED
killerwhale,S_18,w1,smooth,SIGHTED
killerwhale,S_19,w1,slippery,SIGHTED
killerwhale,S_20,w1,smooth,SIGHTED
lion,S_01,w1,short,SIGHTED
lion,S_02,w1,fur,SIGHTED
lion,S_03,w1,hair,SIGHTED
lion,S_04,w1,short,SIGHTED
lion,S_05,w1,fur,SIGHTED
lion,S_06,w1,short,SIGHTED
lion,S_07,w1,soft,SIGHTED
lion,S_08,w1,fuzz,SIGHTED
lion,S_09,w1,long,SIGHTED
lion,S_10,w1,short,SIGHTED
lion,S_11,w1,smooth,SIGHTED
lion,S_12,w1,fur,SIGHTED
lion,S_13,w1,thin,SIGHTED
lion,S_14,w1,medium,SIGHTED
lion,S_15,w1,short,SIGHTED
lion,S_16,w1,smooth,SIGHTED
lion,S_17,w1,bristles,SIGHTED
lion,S_18,w1,long,SIGHTED
lion,S_19,w1,long,SIGHTED
lion,S_20,w1,soft,SIGHTED
llama,S_01,w1,short,SIGHTED
llama,S_02,w1,fur,SIGHTED
llama,S_03,w1,hair,SIGHTED
llama,S_04,w1,short,SIGHTED
llama,S_05,w1,fur,SIGHTED
llama,S_06,w1,short,SIGHTED
llama,S_07,w1,soft,SIGHTED
llama,S_08,w1,fuzz,SIGHTED
llama,S_09,w1,short,SIGHTED
llama,S_10,w1,wiry,SIGHTED
llama,S_11,w1,rough,SIGHTED
llama,S_12,w1,fur,SIGHTED
llama,S_13,w1,thick,SIGHTED
llama,S_14,w1,fluff,SIGHTED
llama,S_15,w1,short,SIGHTED
llama,S_17,w1,bristles,SIGHTED
llama,S_18,w1,coarse,SIGHTED
llama,S_19,w1,short,SIGHTED
llama,S_20,w1,rough,SIGHTED
mammoth,S_01,w1,short,SIGHTED
mammoth,S_02,w1,fur,SIGHTED
mammoth,S_03,w1,hair,SIGHTED
mammoth,S_04,w1,long,SIGHTED
mammoth,S_05,w1,rough,SIGHTED
mammoth,S_06,w1,thick,SIGHTED
mammoth,S_07,w1,soft,SIGHTED
mammoth,S_08,w1,fuzz,SIGHTED
mammoth,S_09,w1,long,SIGHTED
mammoth,S_10,w1,soft,SIGHTED
mammoth,S_11,w1,smooth,SIGHTED
mammoth,S_12,w1,fur,SIGHTED
mammoth,S_13,w1,thick,SIGHTED
mammoth,S_14,w1,fluff,SIGHTED
mammoth,S_15,w1,long,SIGHTED
mammoth,S_16,w1,rough,SIGHTED
mammoth,S_17,w1,silk,SIGHTED
mammoth,S_18,w1,thick,SIGHTED
mammoth,S_19,w1,short,SIGHTED
mammoth,S_20,w1,soft,SIGHTED
panda,S_01,w1,short,SIGHTED
panda,S_02,w1,fur,SIGHTED
panda,S_03,w1,hair,SIGHTED
panda,S_04,w1,long,SIGHTED
panda,S_05,w1,fur,SIGHTED
panda,S_06,w1,thick,SIGHTED
panda,S_07,w1,soft,SIGHTED
panda,S_08,w1,fuzz,SIGHTED
panda,S_09,w1,long,SIGHTED
panda,S_10,w1,soft,SIGHTED
panda,S_11,w1,smooth,SIGHTED
panda,S_12,w1,fur,SIGHTED
panda,S_13,w1,thick,SIGHTED
panda,S_14,w1,hair,SIGHTED
panda,S_15,w1,short,SIGHTED
panda,S_17,w1,fur,SIGHTED
panda,S_18,w1,thick,SIGHTED
panda,S_19,w1,long,SIGHTED
panda,S_20,w1,soft,SIGHTED
panther,S_01,w1,short,SIGHTED
panther,S_02,w1,fur,SIGHTED
panther,S_03,w1,hair,SIGHTED
panther,S_04,w1,short,SIGHTED
panther,S_05,w1,fur,SIGHTED
panther,S_06,w1,short,SIGHTED
panther,S_07,w1,soft,SIGHTED
panther,S_08,w1,fuzz,SIGHTED
panther,S_09,w1,long,SIGHTED
panther,S_10,w1,soft,SIGHTED
panther,S_11,w1,smooth,SIGHTED
panther,S_12,w1,fur,SIGHTED
panther,S_13,w1,thin,SIGHTED
panther,S_14,w1,medium,SIGHTED
panther,S_15,w1,short,SIGHTED
panther,S_16,w1,smooth,SIGHTED
panther,S_17,w1,silk,SIGHTED
panther,S_18,w1,long,SIGHTED
panther,S_19,w1,long,SIGHTED
panther,S_20,w1,soft,SIGHTED
pig,S_01,w1,smooth,SIGHTED
pig,S_02,w1,fur,SIGHTED
pig,S_03,w1,skin,SIGHTED
pig,S_04,w1,sparse,SIGHTED
pig,S_05,w1,rough,SIGHTED
pig,S_06,w1,sparse,SIGHTED
pig,S_07,w1,coarse,SIGHTED
pig,S_08,w1,smooth,SIGHTED
pig,S_09,w1,short,SIGHTED
pig,S_10,w1,thin,SIGHTED
pig,S_11,w1,rough,SIGHTED
pig,S_12,w1,skin,SIGHTED
pig,S_13,w1,thick,SIGHTED
pig,S_14,w1,light,SIGHTED
pig,S_15,w1,coarse,SIGHTED
pig,S_16,w1,smooth,SIGHTED
pig,S_17,w1,leather,SIGHTED
pig,S_18,w1,skin,SIGHTED
pig,S_19,w1,rough,SIGHTED
pig,S_20,w1,rough,SIGHTED
pigeon,S_01,w1,feathers,SIGHTED
pigeon,S_02,w1,feathers,SIGHTED
pigeon,S_03,w1,feathers,SIGHTED
pigeon,S_04,w1,feathers,SIGHTED
pigeon,S_05,w1,feathers,SIGHTED
pigeon,S_06,w1,soft,SIGHTED
pigeon,S_07,w1,feathers,SIGHTED
pigeon,S_08,w1,feathers,SIGHTED
pigeon,S_09,w1,feathers,SIGHTED
pigeon,S_10,w1,feathers,SIGHTED
pigeon,S_11,w1,smooth,SIGHTED
pigeon,S_12,w1,feathers,SIGHTED
pigeon,S_13,w1,feathers,SIGHTED
pigeon,S_14,w1,feathers,SIGHTED
pigeon,S_15,w1,small,SIGHTED
pigeon,S_16,w1,rough,SIGHTED
pigeon,S_17,w1,fluff,SIGHTED
pigeon,S_18,w1,feathers,SIGHTED
pigeon,S_19,w1,feathers,SIGHTED
pigeon,S_20,w1,feathers,SIGHTED
polarbear,S_01,w1,short,SIGHTED
polarbear,S_02,w1,fur,SIGHTED
polarbear,S_03,w1,hair,SIGHTED
polarbear,S_04,w1,long,SIGHTED
polarbear,S_05,w1,fur,SIGHTED
polarbear,S_06,w1,thick,SIGHTED
polarbear,S_07,w1,soft,SIGHTED
polarbear,S_08,w1,fuzz,SIGHTED
polarbear,S_09,w1,long,SIGHTED
polarbear,S_10,w1,wiry,SIGHTED
polarbear,S_11,w1,rough,SIGHTED
polarbear,S_12,w1,fur,SIGHTED
polarbear,S_13,w1,thick,SIGHTED
polarbear,S_14,w1,hair,SIGHTED
polarbear,S_15,w1,long,SIGHTED
polarbear,S_16,w1,rough,SIGHTED
polarbear,S_17,w1,fur,SIGHTED
polarbear,S_18,w1,thick,SIGHTED
polarbear,S_19,w1,long,SIGHTED
polarbear,S_20,w1,soft,SIGHTED
rhino,S_01,w1,smooth,SIGHTED
rhino,S_02,w1,smooth,SIGHTED
rhino,S_03,w1,skin,SIGHTED
rhino,S_04,w1,sparse,SIGHTED
rhino,S_05,w1,rough,SIGHTED
rhino,S_06,w1,coarse,SIGHTED
rhino,S_07,w1,coarse,SIGHTED
rhino,S_08,w1,smooth,SIGHTED
rhino,S_09,w1,rubbery,SIGHTED
rhino,S_10,w1,thin,SIGHTED
rhino,S_11,w1,rough,SIGHTED
rhino,S_12,w1,skin,SIGHTED
rhino,S_13,w1,thick,SIGHTED
rhino,S_14,w1,light,SIGHTED
rhino,S_15,w1,tough,SIGHTED
rhino,S_16,w1,smooth,SIGHTED
rhino,S_17,w1,leather,SIGHTED
rhino,S_18,w1,skin,SIGHTED
rhino,S_19,w1,rough,SIGHTED
rhino,S_20,w1,rough,SIGHTED
shark,S_01,w1,smooth,SIGHTED
shark,S_02,w1,smooth,SIGHTED
shark,S_03,w1,slippery,SIGHTED
shark,S_04,w1,smooth,SIGHTED
shark,S_05,w1,slippery,SIGHTED
shark,S_06,w1,smooth,SIGHTED
shark,S_07,w1,softskin,SIGHTED
shark,S_08,w1,scales,SIGHTED
shark,S_09,w1,rubbery,SIGHTED
shark,S_10,w1,wet,SIGHTED
shark,S_11,w1,smooth,SIGHTED
shark,S_12,w1,skin,SIGHTED
shark,S_13,w1,thick,SIGHTED
shark,S_14,w1,smooth,SIGHTED
shark,S_15,w1,tough,SIGHTED
shark,S_16,w1,smooth,SIGHTED
shark,S_17,w1,slick,SIGHTED
shark,S_18,w1,smooth,SIGHTED
shark,S_19,w1,slippery,SIGHTED
shark,S_20,w1,rough,SIGHTED
sheep,S_01,w1,short,SIGHTED
sheep,S_02,w1,fur,SIGHTED
sheep,S_03,w1,hair,SIGHTED
sheep,S_04,w1,fluff,SIGHTED
sheep,S_05,w1,fur,SIGHTED
sheep,S_06,w1,short,SIGHTED
sheep,S_07,w1,wool,SIGHTED
sheep,S_08,w1,fuzz,SIGHTED
sheep,S_09,w1,long,SIGHTED
sheep,S_10,w1,soft,SIGHTED
sheep,S_11,w1,rough,SIGHTED
sheep,S_12,w1,fur,SIGHTED
sheep,S_13,w1,thick,SIGHTED
sheep,S_14,w1,fluff,SIGHTED
sheep,S_15,w1,short,SIGHTED
sheep,S_16,w1,rough,SIGHTED
sheep,S_17,w1,fur,SIGHTED
sheep,S_18,w1,long,SIGHTED
sheep,S_19,w1,medium,SIGHTED
sheep,S_20,w1,shoft,SIGHTED
skunk,S_01,w1,short,SIGHTED
skunk,S_02,w1,fur,SIGHTED
skunk,S_03,w1,hair,SIGHTED
skunk,S_04,w1,short,SIGHTED
skunk,S_05,w1,fur,SIGHTED
skunk,S_06,w1,thick,SIGHTED
skunk,S_07,w1,soft,SIGHTED
skunk,S_08,w1,fuzz,SIGHTED
skunk,S_09,w1,long,SIGHTED
skunk,S_10,w1,soft,SIGHTED
skunk,S_11,w1,smooth,SIGHTED
skunk,S_12,w1,fur,SIGHTED
skunk,S_13,w1,thin,SIGHTED
skunk,S_14,w1,medium,SIGHTED
skunk,S_15,w1,long,SIGHTED
skunk,S_16,w1,rough,SIGHTED
skunk,S_17,w1,fur,SIGHTED
skunk,S_18,w1,thick,SIGHTED
skunk,S_19,w1,medium,SIGHTED
skunk,S_20,w1,soft,SIGHTED
sloth,S_01,w1,short,SIGHTED
sloth,S_02,w1,fur,SIGHTED
sloth,S_03,w1,long,SIGHTED
sloth,S_04,w1,fur,SIGHTED
sloth,S_05,w1,fur,SIGHTED
sloth,S_06,w1,short,SIGHTED
sloth,S_07,w1,soft,SIGHTED
sloth,S_08,w1,fuzz,SIGHTED
sloth,S_09,w1,long,SIGHTED
sloth,S_10,w1,soft,SIGHTED
sloth,S_11,w1,rough,SIGHTED
sloth,S_12,w1,fur,SIGHTED
sloth,S_13,w1,thick,SIGHTED
sloth,S_14,w1,medium,SIGHTED
sloth,S_15,w1,long,SIGHTED
sloth,S_16,w1,rough,SIGHTED
sloth,S_17,w1,bristles,SIGHTED
sloth,S_18,w1,long,SIGHTED
sloth,S_19,w1,short,SIGHTED
sloth,S_20,w1,soft,SIGHTED
swan,S_01,w1,feathers,SIGHTED
swan,S_02,w1,feathers,SIGHTED
swan,S_03,w1,feathers,SIGHTED
swan,S_04,w1,feathers,SIGHTED
swan,S_05,w1,feathers,SIGHTED
swan,S_06,w1,rough,SIGHTED
swan,S_07,w1,soft,SIGHTED
swan,S_08,w1,feathers,SIGHTED
swan,S_09,w1,feathers,SIGHTED
swan,S_10,w1,feathers,SIGHTED
swan,S_11,w1,smooth,SIGHTED
swan,S_12,w1,feathers,SIGHTED
swan,S_13,w1,feathers,SIGHTED
swan,S_14,w1,feathers,SIGHTED
swan,S_15,w1,big,SIGHTED
swan,S_16,w1,rough,SIGHTED
swan,S_17,w1,fluff,SIGHTED
swan,S_18,w1,feathers,SIGHTED
swan,S_19,w1,coarse,SIGHTED
swan,S_20,w1,feathers,SIGHTED
zebra,S_01,w1,short,SIGHTED
zebra,S_02,w1,fur,SIGHTED
zebra,S_03,w1,hair,SIGHTED
zebra,S_04,w1,short,SIGHTED
zebra,S_05,w1,fur,SIGHTED
zebra,S_06,w1,short,SIGHTED
zebra,S_07,w1,soft,SIGHTED
zebra,S_08,w1,fuzz,SIGHTED
zebra,S_09,w1,long,SIGHTED
zebra,S_10,w1,wiry,SIGHTED
zebra,S_11,w1,smooth,SIGHTED
zebra,S_12,w1,fur,SIGHTED
zebra,S_13,w1,thin,SIGHTED
zebra,S_14,w1,medium,SIGHTED
zebra,S_15,w1,short,SIGHTED
zebra,S_16,w1,smooth,SIGHTED
zebra,S_17,w1,silk,SIGHTED
zebra,S_18,w1,coarse,SIGHTED
zebra,S_19,w1,short,SIGHTED
zebra,S_20,w1,rough,SIGHTED
bat,S_04,w2,fur,SIGHTED
bat,S_05,w2,skin,SIGHTED
bat,S_06,w2,hair,SIGHTED
bat,S_07,w2,hair,SIGHTED
bat,S_09,w2,hair,SIGHTED
bat,S_10,w2,fur,SIGHTED
bat,S_11,w2,no,SIGHTED
bat,S_13,w2,skin,SIGHTED
bat,S_14,w2,hair,SIGHTED
bat,S_15,w2,hair,SIGHTED
bat,S_16,w2,coat,SIGHTED
bat,S_18,w2,skin,SIGHTED
bat,S_19,w2,skin,SIGHTED
bat,S_20,w2,fur,SIGHTED
beaver,S_04,w2,fur,SIGHTED
beaver,S_06,w2,fur,SIGHTED
beaver,S_07,w2,fur,SIGHTED
beaver,S_09,w2,hair,SIGHTED
beaver,S_10,w2,fur,SIGHTED
beaver,S_11,w2,fur,SIGHTED
beaver,S_13,w2,fur,SIGHTED
beaver,S_15,w2,hair,SIGHTED
beaver,S_18,w2,hair,SIGHTED
beaver,S_19,w2,hair,SIGHTED
beaver,S_20,w2,fur,SIGHTED
boar,S_04,w2,hair,SIGHTED
boar,S_05,w2,skin,SIGHTED
boar,S_06,w2,hair,SIGHTED
boar,S_07,w2,hair,SIGHTED
boar,S_09,w2,hair,SIGHTED
boar,S_10,w2,fur,SIGHTED
boar,S_11,w2,fur,SIGHTED
boar,S_13,w2,fur,SIGHTED
boar,S_14,w2,hair,SIGHTED
boar,S_15,w2,hair,SIGHTED
boar,S_18,w2,hair,SIGHTED
boar,S_19,w2,hair,SIGHTED
boar,S_20,w2,fur,SIGHTED
cheetah,S_04,w2,fur,SIGHTED
cheetah,S_06,w2,fur,SIGHTED
cheetah,S_07,w2,fur,SIGHTED
cheetah,S_09,w2,hair,SIGHTED
cheetah,S_10,w2,fur,SIGHTED
cheetah,S_11,w2,fur,SIGHTED
cheetah,S_13,w2,fur,SIGHTED
cheetah,S_14,w2,hair,SIGHTED
cheetah,S_15,w2,hair,SIGHTED
cheetah,S_18,w2,hair,SIGHTED
cheetah,S_19,w2,hair,SIGHTED
cheetah,S_20,w2,fur,SIGHTED
crow,S_06,w2,feathers,SIGHTED
crow,S_11,w2,feathers,SIGHTED
crow,S_15,w2,feathers,SIGHTED
crow,S_16,w2,coat,SIGHTED
deer,S_04,w2,fur,SIGHTED
deer,S_06,w2,fur,SIGHTED
deer,S_07,w2,fur,SIGHTED
deer,S_09,w2,hair,SIGHTED
deer,S_11,w2,fur,SIGHTED
deer,S_13,w2,fur,SIGHTED
deer,S_14,w2,hair,SIGHTED
deer,S_15,w2,hair,SIGHTED
deer,S_18,w2,hair,SIGHTED
deer,S_19,w2,hair,SIGHTED
deer,S_20,w2,fur,SIGHTED
dolphin,S_02,w2,skin,SIGHTED
dolphin,S_04,w2,skin,SIGHTED
dolphin,S_07,w2,skin,SIGHTED
dolphin,S_13,w2,skin,SIGHTED
dolphin,S_15,w2,skin,SIGHTED
dolphin,S_18,w2,skin,SIGHTED
dolphin,S_19,w2,skin,SIGHTED
elephant,S_02,w2,skin,SIGHTED
elephant,S_04,w2,hair,SIGHTED
elephant,S_05,w2,skin,SIGHTED
elephant,S_07,w2,hair,SIGHTED
elephant,S_09,w2,hair,SIGHTED
elephant,S_10,w2,fur,SIGHTED
elephant,S_13,w2,skin,SIGHTED
elephant,S_14,w2,hair,SIGHTED
elephant,S_15,w2,hide,SIGHTED
elephant,S_19,w2,skin,SIGHTED
flamingo,S_05,w2,skin,SIGHTED
flamingo,S_06,w2,feathers,SIGHTED
flamingo,S_11,w2,fur,SIGHTED
flamingo,S_15,w2,feathers,SIGHTED
flamingo,S_16,w2,coat,SIGHTED
giraffe,S_04,w2,fur,SIGHTED
giraffe,S_06,w2,fur,SIGHTED
giraffe,S_07,w2,fur,SIGHTED
giraffe,S_09,w2,hair,SIGHTED
giraffe,S_10,w2,fur,SIGHTED
giraffe,S_11,w2,fur,SIGHTED
giraffe,S_13,w2,fur,SIGHTED
giraffe,S_14,w2,hair,SIGHTED
giraffe,S_15,w2,hair,SIGHTED
giraffe,S_18,w2,hair,SIGHTED
giraffe,S_19,w2,hair,SIGHTED
giraffe,S_20,w2,fur,SIGHTED
goat,S_04,w2,fur,SIGHTED
goat,S_06,w2,fur,SIGHTED
goat,S_07,w2,fur,SIGHTED
goat,S_09,w2,hair,SIGHTED
goat,S_10,w2,fur,SIGHTED
goat,S_11,w2,fur,SIGHTED
goat,S_13,w2,fur,SIGHTED
goat,S_14,w2,hair,SIGHTED
goat,S_15,w2,hair,SIGHTED
goat,S_16,w2,coat,SIGHTED
goat,S_18,w2,hair,SIGHTED
goat,S_19,w2,hair,SIGHTED
goat,S_20,w2,fur,SIGHTED
gorilla,S_07,w2,fur,SIGHTED
gorilla,S_09,w2,hair,SIGHTED
gorilla,S_10,w2,fur,SIGHTED
gorilla,S_11,w2,fur,SIGHTED
gorilla,S_13,w2,fur,SIGHTED
gorilla,S_15,w2,hair,SIGHTED
gorilla,S_16,w2,coat,SIGHTED
gorilla,S_18,w2,fur,SIGHTED
gorilla,S_19,w2,hair,SIGHTED
gorilla,S_20,w2,fur,SIGHTED
grizzly,S_04,w2,fur,SIGHTED
grizzly,S_06,w2,fur,SIGHTED
grizzly,S_07,w2,fur,SIGHTED
grizzly,S_09,w2,hair,SIGHTED
grizzly,S_10,w2,fur,SIGHTED
grizzly,S_11,w2,fur,SIGHTED
grizzly,S_13,w2,fur,SIGHTED
grizzly,S_15,w2,hair,SIGHTED
grizzly,S_16,w2,coat,SIGHTED
grizzly,S_18,w2,fur,SIGHTED
grizzly,S_19,w2,hair,SIGHTED
grizzly,S_20,w2,fur,SIGHTED
hippo,S_02,w2,skin,SIGHTED
hippo,S_04,w2,hair,SIGHTED
hippo,S_05,w2,skin,SIGHTED
hippo,S_07,w2,hair,SIGHTED
hippo,S_13,w2,skin,SIGHTED
hippo,S_14,w2,hair,SIGHTED
hippo,S_15,w2,hair,SIGHTED
hippo,S_19,w2,skin,SIGHTED
killerwhale,S_02,w2,skin,SIGHTED
killerwhale,S_07,w2,skin,SIGHTED
killerwhale,S_13,w2,skin,SIGHTED
killerwhale,S_15,w2,skin,SIGHTED
killerwhale,S_18,w2,skin,SIGHTED
killerwhale,S_19,w2,skin,SIGHTED
lion,S_04,w2,fur,SIGHTED
lion,S_06,w2,fur,SIGHTED
lion,S_07,w2,fur,SIGHTED
lion,S_09,w2,hair,SIGHTED
lion,S_10,w2,fur,SIGHTED
lion,S_11,w2,fur,SIGHTED
lion,S_13,w2,fur,SIGHTED
lion,S_14,w2,hair,SIGHTED
lion,S_15,w2,hair,SIGHTED
lion,S_18,w2,hair,SIGHTED
lion,S_19,w2,hair,SIGHTED
lion,S_20,w2,fur,SIGHTED
llama,S_04,w2,fur,SIGHTED
llama,S_06,w2,fur,SIGHTED
llama,S_07,w2,fur,SIGHTED
llama,S_09,w2,hair,SIGHTED
llama,S_10,w2,fur,SIGHTED
llama,S_11,w2,fur,SIGHTED
llama,S_13,w2,fur,SIGHTED
llama,S_15,w2,hair,SIGHTED
llama,S_18,w2,hair,SIGHTED
llama,S_19,w2,hair,SIGHTED
llama,S_20,w2,fur,SIGHTED
mammoth,S_04,w2,fur,SIGHTED
mammoth,S_05,w2,skin,SIGHTED
mammoth,S_06,w2,fur,SIGHTED
mammoth,S_07,w2,fur,SIGHTED
mammoth,S_09,w2,hair,SIGHTED
mammoth,S_10,w2,fur,SIGHTED
mammoth,S_11,w2,fur,SIGHTED
mammoth,S_13,w2,fur,SIGHTED
mammoth,S_15,w2,hair,SIGHTED
mammoth,S_16,w2,coat,SIGHTED
mammoth,S_18,w2,fur,SIGHTED
mammoth,S_19,w2,hair,SIGHTED
mammoth,S_20,w2,hair,SIGHTED
panda,S_04,w2,fur,SIGHTED
panda,S_06,w2,fur,SIGHTED
panda,S_07,w2,fur,SIGHTED
panda,S_09,w2,hair,SIGHTED
panda,S_10,w2,fur,SIGHTED
panda,S_11,w2,fur,SIGHTED
panda,S_13,w2,fur,SIGHTED
panda,S_15,w2,hair,SIGHTED
panda,S_18,w2,fur,SIGHTED
panda,S_19,w2,hair,SIGHTED
panda,S_20,w2,fur,SIGHTED
panther,S_04,w2,fur,SIGHTED
panther,S_06,w2,fur,SIGHTED
panther,S_07,w2,fur,SIGHTED
panther,S_09,w2,hair,SIGHTED
panther,S_10,w2,fur,SIGHTED
panther,S_11,w2,fur,SIGHTED
panther,S_13,w2,fur,SIGHTED
panther,S_14,w2,hair,SIGHTED
panther,S_15,w2,hair,SIGHTED
panther,S_18,w2,hair,SIGHTED
panther,S_19,w2,hair,SIGHTED
panther,S_20,w2,hair,SIGHTED
pig,S_04,w2,hair,SIGHTED
pig,S_05,w2,skin,SIGHTED
pig,S_06,w2,hair,SIGHTED
pig,S_07,w2,hair,SIGHTED
pig,S_09,w2,hair,SIGHTED
pig,S_10,w2,fur,SIGHTED
pig,S_13,w2,skin,SIGHTED
pig,S_14,w2,hair,SIGHTED
pig,S_15,w2,hair,SIGHTED
pig,S_19,w2,skin,SIGHTED
pigeon,S_06,w2,feathers,SIGHTED
pigeon,S_11,w2,feathers,SIGHTED
pigeon,S_15,w2,feathers,SIGHTED
pigeon,S_16,w2,coat,SIGHTED
polarbear,S_04,w2,fur,SIGHTED
polarbear,S_06,w2,fur,SIGHTED
polarbear,S_07,w2,fur,SIGHTED
polarbear,S_09,w2,hair,SIGHTED
polarbear,S_10,w2,fur,SIGHTED
polarbear,S_11,w2,fur,SIGHTED
polarbear,S_13,w2,fur,SIGHTED
polarbear,S_15,w2,hair,SIGHTED
polarbear,S_16,w2,coat,SIGHTED
polarbear,S_18,w2,fur,SIGHTED
polarbear,S_19,w2,hair,SIGHTED
polarbear,S_20,w2,fur,SIGHTED
rhino,S_02,w2,skin,SIGHTED
rhino,S_04,w2,hair,SIGHTED
rhino,S_05,w2,skin,SIGHTED
rhino,S_06,w2,hair,SIGHTED
rhino,S_07,w2,hair,SIGHTED
rhino,S_10,w2,fur,SIGHTED
rhino,S_13,w2,skin,SIGHTED
rhino,S_14,w2,hair,SIGHTED
rhino,S_15,w2,hide,SIGHTED
rhino,S_19,w2,skin,SIGHTED
shark,S_02,w2,skin,SIGHTED
shark,S_04,w2,skin,SIGHTED
shark,S_13,w2,skin,SIGHTED
shark,S_15,w2,hide,SIGHTED
shark,S_18,w2,skin,SIGHTED
shark,S_19,w2,skin,SIGHTED
sheep,S_06,w2,fur,SIGHTED
sheep,S_07,w2,coat,SIGHTED
sheep,S_09,w2,hair,SIGHTED
sheep,S_10,w2,fur,SIGHTED
sheep,S_11,w2,fur,SIGHTED
sheep,S_13,w2,fur,SIGHTED
sheep,S_15,w2,hair,SIGHTED
sheep,S_16,w2,coat,SIGHTED
sheep,S_18,w2,hair,SIGHTED
sheep,S_19,w2,hair,SIGHTED
sheep,S_20,w2,fur,SIGHTED
skunk,S_04,w2,fur,SIGHTED
skunk,S_06,w2,fur,SIGHTED
skunk,S_07,w2,fur,SIGHTED
skunk,S_09,w2,hair,SIGHTED
skunk,S_10,w2,fur,SIGHTED
skunk,S_11,w2,fur,SIGHTED
skunk,S_13,w2,fur,SIGHTED
skunk,S_14,w2,hair,SIGHTED
skunk,S_15,w2,hair,SIGHTED
skunk,S_18,w2,fur,SIGHTED
skunk,S_19,w2,hair,SIGHTED
skunk,S_20,w2,fur,SIGHTED
sloth,S_03,w2,fur,SIGHTED
sloth,S_06,w2,fur,SIGHTED
sloth,S_07,w2,fur,SIGHTED
sloth,S_09,w2,hair,SIGHTED
sloth,S_10,w2,fur,SIGHTED
sloth,S_11,w2,fur,SIGHTED
sloth,S_13,w2,fur,SIGHTED
sloth,S_14,w2,coat,SIGHTED
sloth,S_15,w2,hair,SIGHTED
sloth,S_16,w2,coat,SIGHTED
sloth,S_18,w2,hair,SIGHTED
sloth,S_19,w2,hair,SIGHTED
sloth,S_20,w2,fur,SIGHTED
swan,S_06,w2,skin,SIGHTED
swan,S_07,w2,feathers,SIGHTED
swan,S_11,w2,fur,SIGHTED
swan,S_15,w2,feathers,SIGHTED
swan,S_16,w2,coat,SIGHTED
swan,S_19,w2,hair,SIGHTED
zebra,S_04,w2,fur,SIGHTED
zebra,S_06,w2,fur,SIGHTED
zebra,S_07,w2,fur,SIGHTED
zebra,S_09,w2,hair,SIGHTED
zebra,S_10,w2,fur,SIGHTED
zebra,S_11,w2,fur,SIGHTED
zebra,S_13,w2,fur,SIGHTED
zebra,S_14,w2,coat,SIGHTED
zebra,S_15,w2,hair,SIGHTED
zebra,S_18,w2,hair,SIGHTED
zebra,S_19,w2,hair,SIGHTED
zebra,S_20,w2,hair,SIGHTED
bat,S_01,w3,fine,SIGHTED
bat,S_05,w3,fur,SIGHTED
bat,S_09,w3,rough,SIGHTED
bat,S_11,w3,fur,SIGHTED
beaver,S_01,w3,fine,SIGHTED
beaver,S_03,w3,fur,SIGHTED
boar,S_01,w3,fine,SIGHTED
boar,S_04,w3,rough,SIGHTED
boar,S_05,w3,fur,SIGHTED
boar,S_17,w3,smooth,SIGHTED
boar,S_19,w3,smooth,SIGHTED
cheetah,S_01,w3,fine,SIGHTED
cheetah,S_03,w3,fur,SIGHTED
cheetah,S_17,w3,smooth,SIGHTED
cheetah,S_19,w3,thick,SIGHTED
deer,S_01,w3,fine,SIGHTED
deer,S_03,w3,fur,SIGHTED
deer,S_17,w3,smooth,SIGHTED
deer,S_19,w3,thick,SIGHTED
dolphin,S_01,w3,scales,SIGHTED
dolphin,S_04,w3,slimy,SIGHTED
dolphin,S_11,w3,nofur,SIGHTED
elephant,S_01,w3,rough,SIGHTED
elephant,S_02,w3,hair,SIGHTED
elephant,S_04,w3,rough,SIGHTED
elephant,S_05,w3,some,SIGHTED
elephant,S_06,w3,wrinkled,SIGHTED
elephant,S_09,w3,rough,SIGHTED
elephant,S_11,w3,no,SIGHTED
elephant,S_18,w3,light,SIGHTED
flamingo,S_05,w3,some,SIGHTED
giraffe,S_01,w3,fine,SIGHTED
giraffe,S_03,w3,fur,SIGHTED
giraffe,S_17,w3,smooth,SIGHTED
giraffe,S_19,w3,thick,SIGHTED
goat,S_01,w3,thick,SIGHTED
goat,S_03,w3,fur,SIGHTED
goat,S_19,w3,smooth,SIGHTED
gorilla,S_01,w3,thick,SIGHTED
gorilla,S_03,w3,fur,SIGHTED
gorilla,S_06,w3,wrinkled,SIGHTED
gorilla,S_19,w3,smooth,SIGHTED
grizzly,S_01,w3,thick,SIGHTED
grizzly,S_03,w3,fur,SIGHTED
grizzly,S_19,w3,smooth,SIGHTED
hippo,S_01,w3,rough,SIGHTED
hippo,S_02,w3,hair,SIGHTED
hippo,S_04,w3,rough,SIGHTED
hippo,S_05,w3,some,SIGHTED
hippo,S_06,w3,wrinkled,SIGHTED
hippo,S_11,w3,no,SIGHTED
hippo,S_18,w3,light,SIGHTED
killerwhale,S_01,w3,scaly,SIGHTED
killerwhale,S_04,w3,slimy,SIGHTED
killerwhale,S_11,w3,no,SIGHTED
lion,S_01,w3,fine,SIGHTED
lion,S_03,w3,fur,SIGHTED
lion,S_19,w3,smooth,SIGHTED
llama,S_01,w3,fine,SIGHTED
llama,S_03,w3,fur,SIGHTED
llama,S_09,w3,rough,SIGHTED
llama,S_19,w3,thick,SIGHTED
mammoth,S_01,w3,thick,SIGHTED
mammoth,S_03,w3,fur,SIGHTED
mammoth,S_05,w3,some,SIGHTED
mammoth,S_17,w3,smooth,SIGHTED
mammoth,S_19,w3,thick,SIGHTED
panda,S_01,w3,fine,SIGHTED
panda,S_03,w3,fur,SIGHTED
panda,S_19,w3,smooth,SIGHTED
panther,S_01,w3,fine,SIGHTED
panther,S_03,w3,fur,SIGHTED
panther,S_17,w3,smooth,SIGHTED
panther,S_19,w3,smooth,SIGHTED
pig,S_01,w3,rough,SIGHTED
pig,S_04,w3,rough,SIGHTED
pig,S_05,w3,some,SIGHTED
pig,S_09,w3,rough,SIGHTED
pig,S_11,w3,nofur,SIGHTED
pig,S_18,w3,light,SIGHTED
polarbear,S_01,w3,thick,SIGHTED
polarbear,S_03,w3,fur,SIGHTED
polarbear,S_19,w3,smooth,SIGHTED
rhino,S_01,w3,rough,SIGHTED
rhino,S_02,w3,hair,SIGHTED
rhino,S_04,w3,rough,SIGHTED
rhino,S_05,w3,some,SIGHTED
rhino,S_06,w3,wrinkled,SIGHTED
rhino,S_11,w3,nofur,SIGHTED
rhino,S_18,w3,light,SIGHTED
shark,S_01,w3,scales,SIGHTED
shark,S_04,w3,slimy,SIGHTED
shark,S_11,w3,nofur,SIGHTED
sheep,S_01,w3,thick,SIGHTED
sheep,S_03,w3,fur,SIGHTED
sheep,S_11,w3,circular,SIGHTED
sheep,S_19,w3,smooth,SIGHTED
skunk,S_01,w3,fine,SIGHTED
skunk,S_03,w3,fur,SIGHTED
skunk,S_19,w3,smooth,SIGHTED
sloth,S_01,w3,fine,SIGHTED
sloth,S_02,w3,hair,SIGHTED
sloth,S_14,w3,hair,SIGHTED
sloth,S_19,w3,thick,SIGHTED
swan,S_06,w3,some,SIGHTED
swan,S_16,w3,slightly,SIGHTED
zebra,S_01,w3,fine,SIGHTED
zebra,S_03,w3,fur,SIGHTED
zebra,S_14,w3,hair,SIGHTED
zebra,S_17,w3,smooth,SIGHTED
zebra,S_19,w3,thick,SIGHTED
bat,S_09,w4,skin,SIGHTED
boar,S_04,w4,skin,SIGHTED
cheetah,S_19,w4,hair,SIGHTED
deer,S_19,w4,hair,SIGHTED
elephant,S_01,w4,skin,SIGHTED
elephant,S_04,w4,skin,SIGHTED
elephant,S_05,w4,fur,SIGHTED
elephant,S_11,w4,fur,SIGHTED
elephant,S_18,w4,hair,SIGHTED
flamingo,S_05,w4,fur,SIGHTED
giraffe,S_19,w4,hair,SIGHTED
hippo,S_04,w4,skin,SIGHTED
hippo,S_05,w4,fur,SIGHTED
hippo,S_11,w4,fur,SIGHTED
hippo,S_18,w4,hair,SIGHTED
killerwhale,S_04,w4,skin,SIGHTED
killerwhale,S_11,w4,fur,SIGHTED
llama,S_09,w4,skin,SIGHTED
llama,S_19,w4,hair,SIGHTED
mammoth,S_05,w4,fur,SIGHTED
pig,S_04,w4,skin,SIGHTED
pig,S_05,w4,fur,SIGHTED
pig,S_09,w4,skin,SIGHTED
pig,S_11,w4,fur,SIGHTED
pig,S_18,w4,hair,SIGHTED
rhino,S_04,w4,skin,SIGHTED
rhino,S_05,w4,fur,SIGHTED
rhino,S_11,w4,fur,SIGHTED
rhino,S_18,w4,hair,SIGHTED
swan,S_06,w4,fur,SIGHTED
bat,S_01,w6,short,SIGHTED
bat,S_02,w6,fur,SIGHTED
bat,S_03,w6,skin,SIGHTED
bat,S_04,w6,short,SIGHTED
bat,S_05,w6,rough,SIGHTED
bat,S_06,w6,sparse,SIGHTED
bat,S_07,w6,coarse,SIGHTED
bat,S_08,w6,feathers,SIGHTED
bat,S_09,w6,short,SIGHTED
bat,S_10,w6,soft,SIGHTED
bat,S_11,w6,rough,SIGHTED
bat,S_12,w6,fur,SIGHTED
bat,S_13,w6,thin,SIGHTED
bat,S_14,w6,light,SIGHTED
bat,S_15,w6,short,SIGHTED
bat,S_16,w6,rough,SIGHTED
bat,S_17,w6,leather,SIGHTED
bat,S_18,w6,smooth,SIGHTED
bat,S_19,w6,smooth,SIGHTED
bat,S_20,w6,rough,SIGHTED
beaver,S_01,w6,short,SIGHTED
beaver,S_02,w6,fur,SIGHTED
beaver,S_03,w6,hair,SIGHTED
beaver,S_04,w6,short,SIGHTED
beaver,S_05,w6,fur,SIGHTED
beaver,S_06,w6,short,SIGHTED
beaver,S_07,w6,soft,SIGHTED
beaver,S_08,w6,fuzz,SIGHTED
beaver,S_09,w6,long,SIGHTED
beaver,S_10,w6,soft,SIGHTED
beaver,S_11,w6,rough,SIGHTED
beaver,S_12,w6,fur,SIGHTED
beaver,S_13,w6,thin,SIGHTED
beaver,S_14,w6,hair,SIGHTED
beaver,S_15,w6,coarse,SIGHTED
beaver,S_16,w6,smooth,SIGHTED
beaver,S_17,w6,bristles,SIGHTED
beaver,S_18,w6,coarse,SIGHTED
beaver,S_19,w6,coarse,SIGHTED
beaver,S_20,w6,soft,SIGHTED
boar,S_01,w6,short,SIGHTED
boar,S_02,w6,fur,SIGHTED
boar,S_03,w6,skin,SIGHTED
boar,S_04,w6,sparse,SIGHTED
boar,S_05,w6,rough,SIGHTED
boar,S_06,w6,sparse,SIGHTED
boar,S_07,w6,coarse,SIGHTED
boar,S_08,w6,fuzz,SIGHTED
boar,S_09,w6,long,SIGHTED
boar,S_10,w6,thin,SIGHTED
boar,S_11,w6,rough,SIGHTED
boar,S_12,w6,fur,SIGHTED
boar,S_13,w6,thin,SIGHTED
boar,S_14,w6,medium,SIGHTED
boar,S_15,w6,coarse,SIGHTED
boar,S_16,w6,smooth,SIGHTED
boar,S_17,w6,silk,SIGHTED
boar,S_18,w6,long,SIGHTED
boar,S_19,w6,long,SIGHTED
boar,S_20,w6,soft,SIGHTED
cheetah,S_01,w6,short,SIGHTED
cheetah,S_02,w6,fur,SIGHTED
cheetah,S_03,w6,hair,SIGHTED
cheetah,S_04,w6,short,SIGHTED
cheetah,S_05,w6,fur,SIGHTED
cheetah,S_06,w6,short,SIGHTED
cheetah,S_07,w6,soft,SIGHTED
cheetah,S_08,w6,fuzz,SIGHTED
cheetah,S_09,w6,long,SIGHTED
cheetah,S_10,w6,soft,SIGHTED
cheetah,S_11,w6,rough,SIGHTED
cheetah,S_12,w6,fur,SIGHTED
cheetah,S_13,w6,thin,SIGHTED
cheetah,S_14,w6,medium,SIGHTED
cheetah,S_15,w6,short,SIGHTED
cheetah,S_16,w6,smooth,SIGHTED
cheetah,S_17,w6,silk,SIGHTED
cheetah,S_18,w6,coarse,SIGHTED
cheetah,S_19,w6,short,SIGHTED
cheetah,S_20,w6,rough,SIGHTED
crow,S_01,w6,feathers,SIGHTED
crow,S_02,w6,feathers,SIGHTED
crow,S_03,w6,feathers,SIGHTED
crow,S_04,w6,feathers,SIGHTED
crow,S_05,w6,feathers,SIGHTED
crow,S_06,w6,soft,SIGHTED
crow,S_07,w6,feathers,SIGHTED
crow,S_08,w6,feathers,SIGHTED
crow,S_09,w6,feathers,SIGHTED
crow,S_10,w6,feathers,SIGHTED
crow,S_11,w6,smooth,SIGHTED
crow,S_12,w6,feathers,SIGHTED
crow,S_13,w6,feathers,SIGHTED
crow,S_14,w6,feathers,SIGHTED
crow,S_15,w6,small,SIGHTED
crow,S_16,w6,rough,SIGHTED
crow,S_17,w6,fluff,SIGHTED
crow,S_18,w6,feathers,SIGHTED
crow,S_19,w6,feathers,SIGHTED
crow,S_20,w6,feathers,SIGHTED
deer,S_01,w6,short,SIGHTED
deer,S_02,w6,fur,SIGHTED
deer,S_03,w6,hair,SIGHTED
deer,S_04,w6,short,SIGHTED
deer,S_05,w6,fur,SIGHTED
deer,S_06,w6,short,SIGHTED
deer,S_07,w6,soft,SIGHTED
deer,S_08,w6,fuzz,SIGHTED
deer,S_09,w6,long,SIGHTED
deer,S_10,w6,soft,SIGHTED
deer,S_11,w6,rough,SIGHTED
deer,S_12,w6,fur,SIGHTED
deer,S_13,w6,thin,SIGHTED
deer,S_14,w6,medium,SIGHTED
deer,S_15,w6,short,SIGHTED
deer,S_16,w6,smooth,SIGHTED
deer,S_17,w6,silk,SIGHTED
deer,S_18,w6,coarse,SIGHTED
deer,S_19,w6,short,SIGHTED
deer,S_20,w6,rough,SIGHTED
dolphin,S_01,w6,smooth,SIGHTED
dolphin,S_02,w6,smooth,SIGHTED
dolphin,S_03,w6,slippery,SIGHTED
dolphin,S_04,w6,smooth,SIGHTED
dolphin,S_05,w6,slippery,SIGHTED
dolphin,S_06,w6,smooth,SIGHTED
dolphin,S_07,w6,soft,SIGHTED
dolphin,S_08,w6,scales,SIGHTED
dolphin,S_09,w6,rubber,SIGHTED
dolphin,S_10,w6,wet,SIGHTED
dolphin,S_11,w6,smooth,SIGHTED
dolphin,S_12,w6,skin,SIGHTED
dolphin,S_13,w6,thick,SIGHTED
dolphin,S_14,w6,smooth,SIGHTED
dolphin,S_15,w6,smooth,SIGHTED
dolphin,S_16,w6,smooth,SIGHTED
dolphin,S_17,w6,slick,SIGHTED
dolphin,S_18,w6,smooth,SIGHTED
dolphin,S_19,w6,slippery,SIGHTED
dolphin,S_20,w6,smooth,SIGHTED
elephant,S_01,w6,smooth,SIGHTED
elephant,S_02,w6,smooth,SIGHTED
elephant,S_03,w6,skin,SIGHTED
elephant,S_04,w6,sparse,SIGHTED
elephant,S_05,w6,rough,SIGHTED
elephant,S_06,w6,coarse,SIGHTED
elephant,S_07,w6,coarse,SIGHTED
elephant,S_08,w6,smooth,SIGHTED
elephant,S_09,w6,short,SIGHTED
elephant,S_10,w6,thin,SIGHTED
elephant,S_11,w6,rough,SIGHTED
elephant,S_12,w6,skin,SIGHTED
elephant,S_13,w6,thick,SIGHTED
elephant,S_14,w6,light,SIGHTED
elephant,S_15,w6,tough,SIGHTED
elephant,S_16,w6,smooth,SIGHTED
elephant,S_17,w6,leather,SIGHTED
elephant,S_18,w6,skin,SIGHTED
elephant,S_19,w6,rough,SIGHTED
elephant,S_20,w6,rough,SIGHTED
flamingo,S_01,w6,feathers,SIGHTED
flamingo,S_02,w6,feathers,SIGHTED
flamingo,S_03,w6,feathers,SIGHTED
flamingo,S_04,w6,feathers,SIGHTED
flamingo,S_05,w6,rough,SIGHTED
flamingo,S_06,w6,soft,SIGHTED
flamingo,S_07,w6,feathers,SIGHTED
flamingo,S_08,w6,feathers,SIGHTED
flamingo,S_09,w6,feathers,SIGHTED
flamingo,S_10,w6,feathers,SIGHTED
flamingo,S_11,w6,smooth,SIGHTED
flamingo,S_12,w6,feathers,SIGHTED
flamingo,S_13,w6,feathers,SIGHTED
flamingo,S_14,w6,feathers,SIGHTED
flamingo,S_15,w6,big,SIGHTED
flamingo,S_16,w6,rough,SIGHTED
flamingo,S_17,w6,fluff,SIGHTED
flamingo,S_18,w6,feathers,SIGHTED
flamingo,S_19,w6,feathers,SIGHTED
flamingo,S_20,w6,feathers,SIGHTED
giraffe,S_01,w6,short,SIGHTED
giraffe,S_02,w6,fur,SIGHTED
giraffe,S_03,w6,hair,SIGHTED
giraffe,S_04,w6,short,SIGHTED
giraffe,S_05,w6,fur,SIGHTED
giraffe,S_06,w6,short,SIGHTED
giraffe,S_07,w6,soft,SIGHTED
giraffe,S_08,w6,fuzz,SIGHTED
giraffe,S_09,w6,long,SIGHTED
giraffe,S_10,w6,wiry,SIGHTED
giraffe,S_11,w6,smooth,SIGHTED
giraffe,S_12,w6,fur,SIGHTED
giraffe,S_13,w6,thin,SIGHTED
giraffe,S_14,w6,medium,SIGHTED
giraffe,S_15,w6,short,SIGHTED
giraffe,S_16,w6,smooth,SIGHTED
giraffe,S_17,w6,silk,SIGHTED
giraffe,S_18,w6,coarse,SIGHTED
giraffe,S_19,w6,short,SIGHTED
giraffe,S_20,w6,rough,SIGHTED
goat,S_01,w6,short,SIGHTED
goat,S_02,w6,fur,SIGHTED
goat,S_03,w6,hair,SIGHTED
goat,S_04,w6,short,SIGHTED
goat,S_05,w6,fur,SIGHTED
goat,S_06,w6,short,SIGHTED
goat,S_07,w6,soft,SIGHTED
goat,S_08,w6,fuzz,SIGHTED
goat,S_09,w6,long,SIGHTED
goat,S_10,w6,wiry,SIGHTED
goat,S_11,w6,rough,SIGHTED
goat,S_12,w6,fur,SIGHTED
goat,S_13,w6,thin,SIGHTED
goat,S_14,w6,medium,SIGHTED
goat,S_15,w6,long,SIGHTED
goat,S_16,w6,rough,SIGHTED
goat,S_17,w6,bristles,SIGHTED
goat,S_18,w6,coarse,SIGHTED
goat,S_19,w6,medium,SIGHTED
goat,S_20,w6,rough,SIGHTED
gorilla,S_01,w6,short,SIGHTED
gorilla,S_02,w6,fur,SIGHTED
gorilla,S_03,w6,hair,SIGHTED
gorilla,S_04,w6,humanlike,SIGHTED
gorilla,S_05,w6,fur,SIGHTED
gorilla,S_06,w6,coarse,SIGHTED
gorilla,S_07,w6,soft,SIGHTED
gorilla,S_08,w6,fuzz,SIGHTED
gorilla,S_09,w6,long,SIGHTED
gorilla,S_10,w6,wiry,SIGHTED
gorilla,S_11,w6,rough,SIGHTED
gorilla,S_12,w6,fur,SIGHTED
gorilla,S_13,w6,thick,SIGHTED
gorilla,S_14,w6,hair,SIGHTED
gorilla,S_15,w6,long,SIGHTED
gorilla,S_16,w6,rough,SIGHTED
gorilla,S_17,w6,bristles,SIGHTED
gorilla,S_18,w6,thick,SIGHTED
gorilla,S_19,w6,long,SIGHTED
gorilla,S_20,w6,rough,SIGHTED
grizzly,S_01,w6,short,SIGHTED
grizzly,S_02,w6,fur,SIGHTED
grizzly,S_03,w6,hair,SIGHTED
grizzly,S_04,w6,long,SIGHTED
grizzly,S_05,w6,fur,SIGHTED
grizzly,S_06,w6,thick,SIGHTED
grizzly,S_07,w6,soft,SIGHTED
grizzly,S_08,w6,fuzz,SIGHTED
grizzly,S_09,w6,long,SIGHTED
grizzly,S_10,w6,wiry,SIGHTED
grizzly,S_11,w6,rough,SIGHTED
grizzly,S_12,w6,fur,SIGHTED
grizzly,S_13,w6,thick,SIGHTED
grizzly,S_14,w6,hair,SIGHTED
grizzly,S_15,w6,long,SIGHTED
grizzly,S_16,w6,rough,SIGHTED
grizzly,S_17,w6,fur,SIGHTED
grizzly,S_18,w6,thick,SIGHTED
grizzly,S_19,w6,long,SIGHTED
grizzly,S_20,w6,soft,SIGHTED
hippo,S_01,w6,smooth,SIGHTED
hippo,S_02,w6,smooth,SIGHTED
hippo,S_03,w6,skin,SIGHTED
hippo,S_04,w6,sparse,SIGHTED
hippo,S_05,w6,rough,SIGHTED
hippo,S_06,w6,coarse,SIGHTED
hippo,S_07,w6,coarse,SIGHTED
hippo,S_08,w6,smooth,SIGHTED
hippo,S_09,w6,rubbery,SIGHTED
hippo,S_10,w6,wet,SIGHTED
hippo,S_11,w6,rough,SIGHTED
hippo,S_12,w6,skin,SIGHTED
hippo,S_13,w6,thick,SIGHTED
hippo,S_14,w6,light,SIGHTED
hippo,S_15,w6,short,SIGHTED
hippo,S_16,w6,smooth,SIGHTED
hippo,S_17,w6,leather,SIGHTED
hippo,S_18,w6,skin,SIGHTED
hippo,S_19,w6,rough,SIGHTED
hippo,S_20,w6,rough,SIGHTED
killerwhale,S_01,w6,smooth,SIGHTED
killerwhale,S_02,w6,smooth,SIGHTED
killerwhale,S_03,w6,slippery,SIGHTED
killerwhale,S_04,w6,smooth,SIGHTED
killerwhale,S_05,w6,slippery,SIGHTED
killerwhale,S_06,w6,smooth,SIGHTED
killerwhale,S_07,w6,soft,SIGHTED
killerwhale,S_08,w6,scales,SIGHTED
killerwhale,S_09,w6,rubbery,SIGHTED
killerwhale,S_10,w6,wet,SIGHTED
killerwhale,S_11,w6,smooth,SIGHTED
killerwhale,S_12,w6,skin,SIGHTED
killerwhale,S_13,w6,thick,SIGHTED
killerwhale,S_14,w6,smooth,SIGHTED
killerwhale,S_15,w6,smooth,SIGHTED
killerwhale,S_16,w6,smooth,SIGHTED
killerwhale,S_17,w6,slick,SIGHTED
killerwhale,S_18,w6,smooth,SIGHTED
killerwhale,S_19,w6,slippery,SIGHTED
killerwhale,S_20,w6,smooth,SIGHTED
lion,S_01,w6,short,SIGHTED
lion,S_02,w6,fur,SIGHTED
lion,S_03,w6,hair,SIGHTED
lion,S_04,w6,short,SIGHTED
lion,S_05,w6,fur,SIGHTED
lion,S_06,w6,short,SIGHTED
lion,S_07,w6,soft,SIGHTED
lion,S_08,w6,fuzz,SIGHTED
lion,S_09,w6,long,SIGHTED
lion,S_10,w6,short,SIGHTED
lion,S_11,w6,smooth,SIGHTED
lion,S_12,w6,fur,SIGHTED
lion,S_13,w6,thin,SIGHTED
lion,S_14,w6,medium,SIGHTED
lion,S_15,w6,short,SIGHTED
lion,S_16,w6,smooth,SIGHTED
lion,S_17,w6,bristles,SIGHTED
lion,S_18,w6,long,SIGHTED
lion,S_19,w6,long,SIGHTED
lion,S_20,w6,soft,SIGHTED
llama,S_01,w6,short,SIGHTED
llama,S_02,w6,fur,SIGHTED
llama,S_03,w6,hair,SIGHTED
llama,S_04,w6,short,SIGHTED
llama,S_05,w6,fur,SIGHTED
llama,S_06,w6,short,SIGHTED
llama,S_07,w6,soft,SIGHTED
llama,S_08,w6,fuzz,SIGHTED
llama,S_09,w6,short,SIGHTED
llama,S_10,w6,wiry,SIGHTED
llama,S_11,w6,rough,SIGHTED
llama,S_12,w6,fur,SIGHTED
llama,S_13,w6,thick,SIGHTED
llama,S_14,w6,fluff,SIGHTED
llama,S_15,w6,short,SIGHTED
llama,S_16,w6,"NA",SIGHTED
llama,S_17,w6,bristles,SIGHTED
llama,S_18,w6,coarse,SIGHTED
llama,S_19,w6,short,SIGHTED
llama,S_20,w6,rough,SIGHTED
mammoth,S_01,w6,short,SIGHTED
mammoth,S_02,w6,fur,SIGHTED
mammoth,S_03,w6,hair,SIGHTED
mammoth,S_04,w6,long,SIGHTED
mammoth,S_05,w6,rough,SIGHTED
mammoth,S_06,w6,thick,SIGHTED
mammoth,S_07,w6,soft,SIGHTED
mammoth,S_08,w6,fuzz,SIGHTED
mammoth,S_09,w6,long,SIGHTED
mammoth,S_10,w6,soft,SIGHTED
mammoth,S_11,w6,smooth,SIGHTED
mammoth,S_12,w6,fur,SIGHTED
mammoth,S_13,w6,thick,SIGHTED
mammoth,S_14,w6,fluff,SIGHTED
mammoth,S_15,w6,long,SIGHTED
mammoth,S_16,w6,rough,SIGHTED
mammoth,S_17,w6,silk,SIGHTED
mammoth,S_18,w6,thick,SIGHTED
mammoth,S_19,w6,short,SIGHTED
mammoth,S_20,w6,soft,SIGHTED
panda,S_01,w6,short,SIGHTED
panda,S_02,w6,fur,SIGHTED
panda,S_03,w6,hair,SIGHTED
panda,S_04,w6,long,SIGHTED
panda,S_05,w6,fur,SIGHTED
panda,S_06,w6,thick,SIGHTED
panda,S_07,w6,soft,SIGHTED
panda,S_08,w6,fuzz,SIGHTED
panda,S_09,w6,long,SIGHTED
panda,S_10,w6,soft,SIGHTED
panda,S_11,w6,smooth,SIGHTED
panda,S_12,w6,fur,SIGHTED
panda,S_13,w6,thick,SIGHTED
panda,S_14,w6,hair,SIGHTED
panda,S_15,w6,short,SIGHTED
panda,S_16,w6,"NA",SIGHTED
panda,S_17,w6,fur,SIGHTED
panda,S_18,w6,thick,SIGHTED
panda,S_19,w6,long,SIGHTED
panda,S_20,w6,soft,SIGHTED
panther,S_01,w6,short,SIGHTED
panther,S_02,w6,fur,SIGHTED
panther,S_03,w6,hair,SIGHTED
panther,S_04,w6,short,SIGHTED
panther,S_05,w6,fur,SIGHTED
panther,S_06,w6,short,SIGHTED
panther,S_07,w6,soft,SIGHTED
panther,S_08,w6,fuzz,SIGHTED
panther,S_09,w6,long,SIGHTED
panther,S_10,w6,soft,SIGHTED
panther,S_11,w6,smooth,SIGHTED
panther,S_12,w6,fur,SIGHTED
panther,S_13,w6,thin,SIGHTED
panther,S_14,w6,medium,SIGHTED
panther,S_15,w6,short,SIGHTED
panther,S_16,w6,smooth,SIGHTED
panther,S_17,w6,silk,SIGHTED
panther,S_18,w6,long,SIGHTED
panther,S_19,w6,long,SIGHTED
panther,S_20,w6,soft,SIGHTED
pig,S_01,w6,smooth,SIGHTED
pig,S_02,w6,fur,SIGHTED
pig,S_03,w6,skin,SIGHTED
pig,S_04,w6,sparse,SIGHTED
pig,S_05,w6,rough,SIGHTED
pig,S_06,w6,sparse,SIGHTED
pig,S_07,w6,coarse,SIGHTED
pig,S_08,w6,smooth,SIGHTED
pig,S_09,w6,short,SIGHTED
pig,S_10,w6,thin,SIGHTED
pig,S_11,w6,rough,SIGHTED
pig,S_12,w6,skin,SIGHTED
pig,S_13,w6,thick,SIGHTED
pig,S_14,w6,light,SIGHTED
pig,S_15,w6,coarse,SIGHTED
pig,S_16,w6,smooth,SIGHTED
pig,S_17,w6,leather,SIGHTED
pig,S_18,w6,skin,SIGHTED
pig,S_19,w6,rough,SIGHTED
pig,S_20,w6,rough,SIGHTED
pigeon,S_01,w6,feathers,SIGHTED
pigeon,S_02,w6,feathers,SIGHTED
pigeon,S_03,w6,feathers,SIGHTED
pigeon,S_04,w6,feathers,SIGHTED
pigeon,S_05,w6,feathers,SIGHTED
pigeon,S_06,w6,soft,SIGHTED
pigeon,S_07,w6,feathers,SIGHTED
pigeon,S_08,w6,feathers,SIGHTED
pigeon,S_09,w6,feathers,SIGHTED
pigeon,S_10,w6,feathers,SIGHTED
pigeon,S_11,w6,smooth,SIGHTED
pigeon,S_12,w6,feathers,SIGHTED
pigeon,S_13,w6,feathers,SIGHTED
pigeon,S_14,w6,feathers,SIGHTED
pigeon,S_15,w6,small,SIGHTED
pigeon,S_16,w6,rough,SIGHTED
pigeon,S_17,w6,fluff,SIGHTED
pigeon,S_18,w6,feathers,SIGHTED
pigeon,S_19,w6,feathers,SIGHTED
pigeon,S_20,w6,feathers,SIGHTED
polarbear,S_01,w6,short,SIGHTED
polarbear,S_02,w6,fur,SIGHTED
polarbear,S_03,w6,hair,SIGHTED
polarbear,S_04,w6,long,SIGHTED
polarbear,S_05,w6,fur,SIGHTED
polarbear,S_06,w6,thick,SIGHTED
polarbear,S_07,w6,soft,SIGHTED
polarbear,S_08,w6,fuzz,SIGHTED
polarbear,S_09,w6,long,SIGHTED
polarbear,S_10,w6,wiry,SIGHTED
polarbear,S_11,w6,rough,SIGHTED
polarbear,S_12,w6,fur,SIGHTED
polarbear,S_13,w6,thick,SIGHTED
polarbear,S_14,w6,hair,SIGHTED
polarbear,S_15,w6,long,SIGHTED
polarbear,S_16,w6,rough,SIGHTED
polarbear,S_17,w6,fur,SIGHTED
polarbear,S_18,w6,thick,SIGHTED
polarbear,S_19,w6,long,SIGHTED
polarbear,S_20,w6,soft,SIGHTED
rhino,S_01,w6,smooth,SIGHTED
rhino,S_02,w6,smooth,SIGHTED
rhino,S_03,w6,skin,SIGHTED
rhino,S_04,w6,sparse,SIGHTED
rhino,S_05,w6,rough,SIGHTED
rhino,S_06,w6,coarse,SIGHTED
rhino,S_07,w6,coarse,SIGHTED
rhino,S_08,w6,smooth,SIGHTED
rhino,S_09,w6,rubbery,SIGHTED
rhino,S_10,w6,thin,SIGHTED
rhino,S_11,w6,rough,SIGHTED
rhino,S_12,w6,skin,SIGHTED
rhino,S_13,w6,thick,SIGHTED
rhino,S_14,w6,light,SIGHTED
rhino,S_15,w6,tough,SIGHTED
rhino,S_16,w6,smooth,SIGHTED
rhino,S_17,w6,leather,SIGHTED
rhino,S_18,w6,skin,SIGHTED
rhino,S_19,w6,rough,SIGHTED
rhino,S_20,w6,rough,SIGHTED
shark,S_01,w6,smooth,SIGHTED
shark,S_02,w6,smooth,SIGHTED
shark,S_03,w6,slippery,SIGHTED
shark,S_04,w6,smooth,SIGHTED
shark,S_05,w6,slippery,SIGHTED
shark,S_06,w6,smooth,SIGHTED
shark,S_07,w6,softskin,SIGHTED
shark,S_08,w6,scales,SIGHTED
shark,S_09,w6,rubbery,SIGHTED
shark,S_10,w6,wet,SIGHTED
shark,S_11,w6,smooth,SIGHTED
shark,S_12,w6,skin,SIGHTED
shark,S_13,w6,thick,SIGHTED
shark,S_14,w6,smooth,SIGHTED
shark,S_15,w6,tough,SIGHTED
shark,S_16,w6,smooth,SIGHTED
shark,S_17,w6,slick,SIGHTED
shark,S_18,w6,smooth,SIGHTED
shark,S_19,w6,slippery,SIGHTED
shark,S_20,w6,rough,SIGHTED
sheep,S_01,w6,short,SIGHTED
sheep,S_02,w6,fur,SIGHTED
sheep,S_03,w6,hair,SIGHTED
sheep,S_04,w6,fluff,SIGHTED
sheep,S_05,w6,fur,SIGHTED
sheep,S_06,w6,short,SIGHTED
sheep,S_07,w6,wool,SIGHTED
sheep,S_08,w6,fuzz,SIGHTED
sheep,S_09,w6,long,SIGHTED
sheep,S_10,w6,soft,SIGHTED
sheep,S_11,w6,rough,SIGHTED
sheep,S_12,w6,fur,SIGHTED
sheep,S_13,w6,thick,SIGHTED
sheep,S_14,w6,fluff,SIGHTED
sheep,S_15,w6,short,SIGHTED
sheep,S_16,w6,rough,SIGHTED
sheep,S_17,w6,fur,SIGHTED
sheep,S_18,w6,long,SIGHTED
sheep,S_19,w6,medium,SIGHTED
sheep,S_20,w6,shoft,SIGHTED
skunk,S_01,w6,short,SIGHTED
skunk,S_02,w6,fur,SIGHTED
skunk,S_03,w6,hair,SIGHTED
skunk,S_04,w6,short,SIGHTED
skunk,S_05,w6,fur,SIGHTED
skunk,S_06,w6,thick,SIGHTED
skunk,S_07,w6,soft,SIGHTED
skunk,S_08,w6,fuzz,SIGHTED
skunk,S_09,w6,long,SIGHTED
skunk,S_10,w6,soft,SIGHTED
skunk,S_11,w6,smooth,SIGHTED
skunk,S_12,w6,fur,SIGHTED
skunk,S_13,w6,thin,SIGHTED
skunk,S_14,w6,medium,SIGHTED
skunk,S_15,w6,long,SIGHTED
skunk,S_16,w6,rough,SIGHTED
skunk,S_17,w6,fur,SIGHTED
skunk,S_18,w6,thick,SIGHTED
skunk,S_19,w6,medium,SIGHTED
skunk,S_20,w6,soft,SIGHTED
sloth,S_01,w6,short,SIGHTED
sloth,S_02,w6,fur,SIGHTED
sloth,S_03,w6,long,SIGHTED
sloth,S_04,w6,fur,SIGHTED
sloth,S_05,w6,fur,SIGHTED
sloth,S_06,w6,short,SIGHTED
sloth,S_07,w6,soft,SIGHTED
sloth,S_08,w6,fuzz,SIGHTED
sloth,S_09,w6,long,SIGHTED
sloth,S_10,w6,soft,SIGHTED
sloth,S_11,w6,rough,SIGHTED
sloth,S_12,w6,fur,SIGHTED
sloth,S_13,w6,thick,SIGHTED
sloth,S_14,w6,medium,SIGHTED
sloth,S_15,w6,long,SIGHTED
sloth,S_16,w6,rough,SIGHTED
sloth,S_17,w6,bristles,SIGHTED
sloth,S_18,w6,long,SIGHTED
sloth,S_19,w6,short,SIGHTED
sloth,S_20,w6,soft,SIGHTED
swan,S_01,w6,feathers,SIGHTED
swan,S_02,w6,feathers,SIGHTED
swan,S_03,w6,feathers,SIGHTED
swan,S_04,w6,feathers,SIGHTED
swan,S_05,w6,feathers,SIGHTED
swan,S_06,w6,rough,SIGHTED
swan,S_07,w6,soft,SIGHTED
swan,S_08,w6,feathers,SIGHTED
swan,S_09,w6,feathers,SIGHTED
swan,S_10,w6,feathers,SIGHTED
swan,S_11,w6,smooth,SIGHTED
swan,S_12,w6,feathers,SIGHTED
swan,S_13,w6,feathers,SIGHTED
swan,S_14,w6,feathers,SIGHTED
swan,S_15,w6,big,SIGHTED
swan,S_16,w6,rough,SIGHTED
swan,S_17,w6,fluff,SIGHTED
swan,S_18,w6,feathers,SIGHTED
swan,S_19,w6,coarse,SIGHTED
swan,S_20,w6,feathers,SIGHTED
zebra,S_01,w6,short,SIGHTED
zebra,S_02,w6,fur,SIGHTED
zebra,S_03,w6,hair,SIGHTED
zebra,S_04,w6,short,SIGHTED
zebra,S_05,w6,fur,SIGHTED
zebra,S_06,w6,short,SIGHTED
zebra,S_07,w6,soft,SIGHTED
zebra,S_08,w6,fuzz,SIGHTED
zebra,S_09,w6,long,SIGHTED
zebra,S_10,w6,wiry,SIGHTED
zebra,S_11,w6,smooth,SIGHTED
zebra,S_12,w6,fur,SIGHTED
zebra,S_13,w6,thin,SIGHTED
zebra,S_14,w6,medium,SIGHTED
zebra,S_15,w6,short,SIGHTED
zebra,S_16,w6,smooth,SIGHTED
zebra,S_17,w6,silk,SIGHTED
zebra,S_18,w6,coarse,SIGHTED
zebra,S_19,w6,short,SIGHTED
zebra,S_20,w6,rough,SIGHTED
bat,S_04,w7,fur,SIGHTED
bat,S_05,w7,skin,SIGHTED
bat,S_06,w7,hair,SIGHTED
bat,S_07,w7,hair,SIGHTED
bat,S_09,w7,hair,SIGHTED
bat,S_10,w7,fur,SIGHTED
bat,S_11,w7,no,SIGHTED
bat,S_13,w7,skin,SIGHTED
bat,S_14,w7,hair,SIGHTED
bat,S_15,w7,hair,SIGHTED
bat,S_16,w7,coat,SIGHTED
bat,S_18,w7,skin,SIGHTED
bat,S_19,w7,skin,SIGHTED
bat,S_20,w7,fur,SIGHTED
beaver,S_04,w7,fur,SIGHTED
beaver,S_06,w7,fur,SIGHTED
beaver,S_07,w7,fur,SIGHTED
beaver,S_09,w7,hair,SIGHTED
beaver,S_10,w7,fur,SIGHTED
beaver,S_11,w7,fur,SIGHTED
beaver,S_13,w7,fur,SIGHTED
beaver,S_15,w7,hair,SIGHTED
beaver,S_18,w7,hair,SIGHTED
beaver,S_19,w7,hair,SIGHTED
beaver,S_20,w7,fur,SIGHTED
boar,S_04,w7,hair,SIGHTED
boar,S_05,w7,skin,SIGHTED
boar,S_06,w7,hair,SIGHTED
boar,S_07,w7,hair,SIGHTED
boar,S_09,w7,hair,SIGHTED
boar,S_10,w7,fur,SIGHTED
boar,S_11,w7,fur,SIGHTED
boar,S_13,w7,fur,SIGHTED
boar,S_14,w7,hair,SIGHTED
boar,S_15,w7,hair,SIGHTED
boar,S_18,w7,hair,SIGHTED
boar,S_19,w7,hair,SIGHTED
boar,S_20,w7,fur,SIGHTED
cheetah,S_04,w7,fur,SIGHTED
cheetah,S_06,w7,fur,SIGHTED
cheetah,S_07,w7,fur,SIGHTED
cheetah,S_09,w7,hair,SIGHTED
cheetah,S_10,w7,fur,SIGHTED
cheetah,S_11,w7,fur,SIGHTED
cheetah,S_13,w7,fur,SIGHTED
cheetah,S_14,w7,hair,SIGHTED
cheetah,S_15,w7,hair,SIGHTED
cheetah,S_18,w7,hair,SIGHTED
cheetah,S_19,w7,hair,SIGHTED
cheetah,S_20,w7,fur,SIGHTED
crow,S_06,w7,feathers,SIGHTED
crow,S_11,w7,feathers,SIGHTED
crow,S_15,w7,feathers,SIGHTED
crow,S_16,w7,coat,SIGHTED
deer,S_04,w7,fur,SIGHTED
deer,S_06,w7,fur,SIGHTED
deer,S_07,w7,fur,SIGHTED
deer,S_09,w7,hair,SIGHTED
deer,S_11,w7,fur,SIGHTED
deer,S_13,w7,fur,SIGHTED
deer,S_14,w7,hair,SIGHTED
deer,S_15,w7,hair,SIGHTED
deer,S_18,w7,hair,SIGHTED
deer,S_19,w7,hair,SIGHTED
deer,S_20,w7,fur,SIGHTED
dolphin,S_02,w7,skin,SIGHTED
dolphin,S_04,w7,skin,SIGHTED
dolphin,S_07,w7,skin,SIGHTED
dolphin,S_13,w7,skin,SIGHTED
dolphin,S_15,w7,skin,SIGHTED
dolphin,S_18,w7,skin,SIGHTED
dolphin,S_19,w7,skin,SIGHTED
elephant,S_02,w7,skin,SIGHTED
elephant,S_04,w7,hair,SIGHTED
elephant,S_05,w7,skin,SIGHTED
elephant,S_07,w7,hair,SIGHTED
elephant,S_09,w7,hair,SIGHTED
elephant,S_10,w7,fur,SIGHTED
elephant,S_13,w7,skin,SIGHTED
elephant,S_14,w7,hair,SIGHTED
elephant,S_15,w7,hide,SIGHTED
elephant,S_19,w7,skin,SIGHTED
flamingo,S_05,w7,skin,SIGHTED
flamingo,S_06,w7,feathers,SIGHTED
flamingo,S_11,w7,fur,SIGHTED
flamingo,S_15,w7,feathers,SIGHTED
flamingo,S_16,w7,coat,SIGHTED
giraffe,S_04,w7,fur,SIGHTED
giraffe,S_06,w7,fur,SIGHTED
giraffe,S_07,w7,fur,SIGHTED
giraffe,S_09,w7,hair,SIGHTED
giraffe,S_10,w7,fur,SIGHTED
giraffe,S_11,w7,fur,SIGHTED
giraffe,S_13,w7,fur,SIGHTED
giraffe,S_14,w7,hair,SIGHTED
giraffe,S_15,w7,hair,SIGHTED
giraffe,S_18,w7,hair,SIGHTED
giraffe,S_19,w7,hair,SIGHTED
giraffe,S_20,w7,fur,SIGHTED
goat,S_04,w7,fur,SIGHTED
goat,S_06,w7,fur,SIGHTED
goat,S_07,w7,fur,SIGHTED
goat,S_09,w7,hair,SIGHTED
goat,S_10,w7,fur,SIGHTED
goat,S_11,w7,fur,SIGHTED
goat,S_13,w7,fur,SIGHTED
goat,S_14,w7,hair,SIGHTED
goat,S_15,w7,hair,SIGHTED
goat,S_16,w7,coat,SIGHTED
goat,S_18,w7,hair,SIGHTED
goat,S_19,w7,hair,SIGHTED
goat,S_20,w7,fur,SIGHTED
gorilla,S_07,w7,fur,SIGHTED
gorilla,S_09,w7,hair,SIGHTED
gorilla,S_10,w7,fur,SIGHTED
gorilla,S_11,w7,fur,SIGHTED
gorilla,S_13,w7,fur,SIGHTED
gorilla,S_15,w7,hair,SIGHTED
gorilla,S_16,w7,coat,SIGHTED
gorilla,S_18,w7,fur,SIGHTED
gorilla,S_19,w7,hair,SIGHTED
gorilla,S_20,w7,fur,SIGHTED
grizzly,S_04,w7,fur,SIGHTED
grizzly,S_06,w7,fur,SIGHTED
grizzly,S_07,w7,fur,SIGHTED
grizzly,S_09,w7,hair,SIGHTED
grizzly,S_10,w7,fur,SIGHTED
grizzly,S_11,w7,fur,SIGHTED
grizzly,S_13,w7,fur,SIGHTED
grizzly,S_15,w7,hair,SIGHTED
grizzly,S_16,w7,coat,SIGHTED
grizzly,S_18,w7,fur,SIGHTED
grizzly,S_19,w7,hair,SIGHTED
grizzly,S_20,w7,fur,SIGHTED
hippo,S_02,w7,skin,SIGHTED
hippo,S_04,w7,hair,SIGHTED
hippo,S_05,w7,skin,SIGHTED
hippo,S_07,w7,hair,SIGHTED
hippo,S_13,w7,skin,SIGHTED
hippo,S_14,w7,hair,SIGHTED
hippo,S_15,w7,hair,SIGHTED
hippo,S_19,w7,skin,SIGHTED
killerwhale,S_02,w7,skin,SIGHTED
killerwhale,S_07,w7,skin,SIGHTED
killerwhale,S_13,w7,skin,SIGHTED
killerwhale,S_15,w7,skin,SIGHTED
killerwhale,S_18,w7,skin,SIGHTED
killerwhale,S_19,w7,skin,SIGHTED
lion,S_04,w7,fur,SIGHTED
lion,S_06,w7,fur,SIGHTED
lion,S_07,w7,fur,SIGHTED
lion,S_09,w7,hair,SIGHTED
lion,S_10,w7,fur,SIGHTED
lion,S_11,w7,fur,SIGHTED
lion,S_13,w7,fur,SIGHTED
lion,S_14,w7,hair,SIGHTED
lion,S_15,w7,hair,SIGHTED
lion,S_18,w7,hair,SIGHTED
lion,S_19,w7,hair,SIGHTED
lion,S_20,w7,fur,SIGHTED
llama,S_04,w7,fur,SIGHTED
llama,S_06,w7,fur,SIGHTED
llama,S_07,w7,fur,SIGHTED
llama,S_09,w7,hair,SIGHTED
llama,S_10,w7,fur,SIGHTED
llama,S_11,w7,fur,SIGHTED
llama,S_13,w7,fur,SIGHTED
llama,S_15,w7,hair,SIGHTED
llama,S_18,w7,hair,SIGHTED
llama,S_19,w7,hair,SIGHTED
llama,S_20,w7,fur,SIGHTED
mammoth,S_04,w7,fur,SIGHTED
mammoth,S_05,w7,skin,SIGHTED
mammoth,S_06,w7,fur,SIGHTED
mammoth,S_07,w7,fur,SIGHTED
mammoth,S_09,w7,hair,SIGHTED
mammoth,S_10,w7,fur,SIGHTED
mammoth,S_11,w7,fur,SIGHTED
mammoth,S_13,w7,fur,SIGHTED
mammoth,S_15,w7,hair,SIGHTED
mammoth,S_16,w7,coat,SIGHTED
mammoth,S_18,w7,fur,SIGHTED
mammoth,S_19,w7,hair,SIGHTED
mammoth,S_20,w7,hair,SIGHTED
panda,S_04,w7,fur,SIGHTED
panda,S_06,w7,fur,SIGHTED
panda,S_07,w7,fur,SIGHTED
panda,S_09,w7,hair,SIGHTED
panda,S_10,w7,fur,SIGHTED
panda,S_11,w7,fur,SIGHTED
panda,S_13,w7,fur,SIGHTED
panda,S_15,w7,hair,SIGHTED
panda,S_18,w7,fur,SIGHTED
panda,S_19,w7,hair,SIGHTED
panda,S_20,w7,fur,SIGHTED
panther,S_04,w7,fur,SIGHTED
panther,S_06,w7,fur,SIGHTED
panther,S_07,w7,fur,SIGHTED
panther,S_09,w7,hair,SIGHTED
panther,S_10,w7,fur,SIGHTED
panther,S_11,w7,fur,SIGHTED
panther,S_13,w7,fur,SIGHTED
panther,S_14,w7,hair,SIGHTED
panther,S_15,w7,hair,SIGHTED
panther,S_18,w7,hair,SIGHTED
panther,S_19,w7,hair,SIGHTED
panther,S_20,w7,hair,SIGHTED
pig,S_04,w7,hair,SIGHTED
pig,S_05,w7,skin,SIGHTED
pig,S_06,w7,hair,SIGHTED
pig,S_07,w7,hair,SIGHTED
pig,S_09,w7,hair,SIGHTED
pig,S_10,w7,fur,SIGHTED
pig,S_13,w7,skin,SIGHTED
pig,S_14,w7,hair,SIGHTED
pig,S_15,w7,hair,SIGHTED
pig,S_19,w7,skin,SIGHTED
pigeon,S_06,w7,feathers,SIGHTED
pigeon,S_11,w7,feathers,SIGHTED
pigeon,S_15,w7,feathers,SIGHTED
pigeon,S_16,w7,coat,SIGHTED
polarbear,S_04,w7,fur,SIGHTED
polarbear,S_06,w7,fur,SIGHTED
polarbear,S_07,w7,fur,SIGHTED
polarbear,S_09,w7,hair,SIGHTED
polarbear,S_10,w7,fur,SIGHTED
polarbear,S_11,w7,fur,SIGHTED
polarbear,S_13,w7,fur,SIGHTED
polarbear,S_15,w7,hair,SIGHTED
polarbear,S_16,w7,coat,SIGHTED
polarbear,S_18,w7,fur,SIGHTED
polarbear,S_19,w7,hair,SIGHTED
polarbear,S_20,w7,fur,SIGHTED
rhino,S_02,w7,skin,SIGHTED
rhino,S_04,w7,hair,SIGHTED
rhino,S_05,w7,skin,SIGHTED
rhino,S_06,w7,hair,SIGHTED
rhino,S_07,w7,hair,SIGHTED
rhino,S_10,w7,fur,SIGHTED
rhino,S_13,w7,skin,SIGHTED
rhino,S_14,w7,hair,SIGHTED
rhino,S_15,w7,hide,SIGHTED
rhino,S_19,w7,skin,SIGHTED
shark,S_02,w7,skin,SIGHTED
shark,S_04,w7,skin,SIGHTED
shark,S_13,w7,skin,SIGHTED
shark,S_15,w7,hide,SIGHTED
shark,S_18,w7,skin,SIGHTED
shark,S_19,w7,skin,SIGHTED
sheep,S_06,w7,fur,SIGHTED
sheep,S_07,w7,coat,SIGHTED
sheep,S_09,w7,hair,SIGHTED
sheep,S_10,w7,fur,SIGHTED
sheep,S_11,w7,fur,SIGHTED
sheep,S_13,w7,fur,SIGHTED
sheep,S_15,w7,hair,SIGHTED
sheep,S_16,w7,coat,SIGHTED
sheep,S_18,w7,hair,SIGHTED
sheep,S_19,w7,hair,SIGHTED
sheep,S_20,w7,fur,SIGHTED
skunk,S_04,w7,fur,SIGHTED
skunk,S_06,w7,fur,SIGHTED
skunk,S_07,w7,fur,SIGHTED
skunk,S_09,w7,hair,SIGHTED
skunk,S_10,w7,fur,SIGHTED
skunk,S_11,w7,fur,SIGHTED
skunk,S_13,w7,fur,SIGHTED
skunk,S_14,w7,hair,SIGHTED
skunk,S_15,w7,hair,SIGHTED
skunk,S_18,w7,fur,SIGHTED
skunk,S_19,w7,hair,SIGHTED
skunk,S_20,w7,fur,SIGHTED
sloth,S_03,w7,fur,SIGHTED
sloth,S_06,w7,fur,SIGHTED
sloth,S_07,w7,fur,SIGHTED
sloth,S_09,w7,hair,SIGHTED
sloth,S_10,w7,fur,SIGHTED
sloth,S_11,w7,fur,SIGHTED
sloth,S_13,w7,fur,SIGHTED
sloth,S_14,w7,coat,SIGHTED
sloth,S_15,w7,hair,SIGHTED
sloth,S_16,w7,coat,SIGHTED
sloth,S_18,w7,hair,SIGHTED
sloth,S_19,w7,hair,SIGHTED
sloth,S_20,w7,fur,SIGHTED
swan,S_06,w7,skin,SIGHTED
swan,S_07,w7,feathers,SIGHTED
swan,S_11,w7,fur,SIGHTED
swan,S_15,w7,feathers,SIGHTED
swan,S_16,w7,coat,SIGHTED
swan,S_19,w7,hair,SIGHTED
zebra,S_04,w7,fur,SIGHTED
zebra,S_06,w7,fur,SIGHTED
zebra,S_07,w7,fur,SIGHTED
zebra,S_09,w7,hair,SIGHTED
zebra,S_10,w7,fur,SIGHTED
zebra,S_11,w7,fur,SIGHTED
zebra,S_13,w7,fur,SIGHTED
zebra,S_14,w7,coat,SIGHTED
zebra,S_15,w7,hair,SIGHTED
zebra,S_18,w7,hair,SIGHTED
zebra,S_19,w7,hair,SIGHTED
zebra,S_20,w7,hair,SIGHTED
bat,S_01,w8,fine,SIGHTED
bat,S_05,w8,fur,SIGHTED
bat,S_09,w8,rough,SIGHTED
bat,S_11,w8,fur,SIGHTED
beaver,S_01,w8,fine,SIGHTED
beaver,S_03,w8,fur,SIGHTED
boar,S_01,w8,fine,SIGHTED
boar,S_04,w8,rough,SIGHTED
boar,S_05,w8,fur,SIGHTED
boar,S_17,w8,smooth,SIGHTED
boar,S_19,w8,smooth,SIGHTED
cheetah,S_01,w8,fine,SIGHTED
cheetah,S_03,w8,fur,SIGHTED
cheetah,S_17,w8,smooth,SIGHTED
cheetah,S_19,w8,thick,SIGHTED
deer,S_01,w8,fine,SIGHTED
deer,S_03,w8,fur,SIGHTED
deer,S_17,w8,smooth,SIGHTED
deer,S_19,w8,thick,SIGHTED
dolphin,S_01,w8,scales,SIGHTED
dolphin,S_04,w8,slimy,SIGHTED
dolphin,S_11,w8,nofur,SIGHTED
elephant,S_01,w8,rough,SIGHTED
elephant,S_02,w8,hair,SIGHTED
elephant,S_04,w8,rough,SIGHTED
elephant,S_05,w8,some,SIGHTED
elephant,S_06,w8,wrinkled,SIGHTED
elephant,S_09,w8,rough,SIGHTED
elephant,S_11,w8,no,SIGHTED
elephant,S_18,w8,light,SIGHTED
flamingo,S_05,w8,some,SIGHTED
giraffe,S_01,w8,fine,SIGHTED
giraffe,S_03,w8,fur,SIGHTED
giraffe,S_17,w8,smooth,SIGHTED
giraffe,S_19,w8,thick,SIGHTED
goat,S_01,w8,thick,SIGHTED
goat,S_03,w8,fur,SIGHTED
goat,S_19,w8,smooth,SIGHTED
gorilla,S_01,w8,thick,SIGHTED
gorilla,S_03,w8,fur,SIGHTED
gorilla,S_06,w8,wrinkled,SIGHTED
gorilla,S_19,w8,smooth,SIGHTED
grizzly,S_01,w8,thick,SIGHTED
grizzly,S_03,w8,fur,SIGHTED
grizzly,S_19,w8,smooth,SIGHTED
hippo,S_01,w8,rough,SIGHTED
hippo,S_02,w8,hair,SIGHTED
hippo,S_04,w8,rough,SIGHTED
hippo,S_05,w8,some,SIGHTED
hippo,S_06,w8,wrinkled,SIGHTED
hippo,S_11,w8,no,SIGHTED
hippo,S_18,w8,light,SIGHTED
killerwhale,S_01,w8,scaly,SIGHTED
killerwhale,S_04,w8,slimy,SIGHTED
killerwhale,S_11,w8,no,SIGHTED
lion,S_01,w8,fine,SIGHTED
lion,S_03,w8,fur,SIGHTED
lion,S_19,w8,smooth,SIGHTED
llama,S_01,w8,fine,SIGHTED
llama,S_03,w8,fur,SIGHTED
llama,S_09,w8,rough,SIGHTED
llama,S_19,w8,thick,SIGHTED
mammoth,S_01,w8,thick,SIGHTED
mammoth,S_03,w8,fur,SIGHTED
mammoth,S_05,w8,some,SIGHTED
mammoth,S_17,w8,smooth,SIGHTED
mammoth,S_19,w8,thick,SIGHTED
panda,S_01,w8,fine,SIGHTED
panda,S_03,w8,fur,SIGHTED
panda,S_19,w8,smooth,SIGHTED
panther,S_01,w8,fine,SIGHTED
panther,S_03,w8,fur,SIGHTED
panther,S_17,w8,smooth,SIGHTED
panther,S_19,w8,smooth,SIGHTED
pig,S_01,w8,rough,SIGHTED
pig,S_04,w8,rough,SIGHTED
pig,S_05,w8,some,SIGHTED
pig,S_09,w8,rough,SIGHTED
pig,S_11,w8,nofur,SIGHTED
pig,S_18,w8,light,SIGHTED
polarbear,S_01,w8,thick,SIGHTED
polarbear,S_03,w8,fur,SIGHTED
polarbear,S_19,w8,smooth,SIGHTED
rhino,S_01,w8,rough,SIGHTED
rhino,S_02,w8,hair,SIGHTED
rhino,S_04,w8,rough,SIGHTED
rhino,S_05,w8,some,SIGHTED
rhino,S_06,w8,wrinkled,SIGHTED
rhino,S_11,w8,nofur,SIGHTED
rhino,S_18,w8,light,SIGHTED
shark,S_01,w8,scales,SIGHTED
shark,S_04,w8,slimy,SIGHTED
shark,S_11,w8,nofur,SIGHTED
sheep,S_01,w8,thick,SIGHTED
sheep,S_03,w8,fur,SIGHTED
sheep,S_11,w8,circular,SIGHTED
sheep,S_19,w8,smooth,SIGHTED
skunk,S_01,w8,fine,SIGHTED
skunk,S_03,w8,fur,SIGHTED
skunk,S_19,w8,smooth,SIGHTED
sloth,S_01,w8,fine,SIGHTED
sloth,S_02,w8,hair,SIGHTED
sloth,S_14,w8,hair,SIGHTED
sloth,S_19,w8,thick,SIGHTED
swan,S_06,w8,some,SIGHTED
swan,S_16,w8,slightly,SIGHTED
zebra,S_01,w8,fine,SIGHTED
zebra,S_03,w8,fur,SIGHTED
zebra,S_14,w8,hair,SIGHTED
zebra,S_17,w8,smooth,SIGHTED
zebra,S_19,w8,thick,SIGHTED
bat,S_09,w9,skin,SIGHTED
boar,S_04,w9,skin,SIGHTED
cheetah,S_19,w9,hair,SIGHTED
deer,S_19,w9,hair,SIGHTED
elephant,S_01,w9,skin,SIGHTED
elephant,S_04,w9,skin,SIGHTED
elephant,S_05,w9,fur,SIGHTED
elephant,S_11,w9,fur,SIGHTED
elephant,S_18,w9,hair,SIGHTED
flamingo,S_05,w9,fur,SIGHTED
giraffe,S_19,w9,hair,SIGHTED
hippo,S_04,w9,skin,SIGHTED
hippo,S_05,w9,fur,SIGHTED
hippo,S_11,w9,fur,SIGHTED
hippo,S_18,w9,hair,SIGHTED
killerwhale,S_04,w9,skin,SIGHTED
killerwhale,S_11,w9,fur,SIGHTED
llama,S_09,w9,skin,SIGHTED
llama,S_19,w9,hair,SIGHTED
mammoth,S_05,w9,fur,SIGHTED
pig,S_04,w9,skin,SIGHTED
pig,S_05,w9,fur,SIGHTED
pig,S_09,w9,skin,SIGHTED
pig,S_11,w9,fur,SIGHTED
pig,S_18,w9,hair,SIGHTED
rhino,S_04,w9,skin,SIGHTED
rhino,S_05,w9,fur,SIGHTED
rhino,S_11,w9,fur,SIGHTED
rhino,S_18,w9,hair,SIGHTED
swan,S_06,w9,fur,SIGHTED
