subject,group,texture,animal,expected,scales,feathers,skin,fur
cb1,CB,scales,snake,0,0,0,1,0
cb1,CB,scales,lizard,0,0,0,1,0
cb1,CB,scales,crocodile,0,0,0,1,0
cb1,CB,scales,goldfish,1,1,0,0,0
cb1,CB,scales,eel,1,1,0,0,0
cb1,CB,scales,turtle,0,0,0,1,0
cb1,CB,feathers,penguin,0,0,0,1,0
cb1,CB,feathers,pigeon,1,0,1,0,0
cb1,CB,feathers,ostrich,0,0,0,0,1
cb1,CB,feathers,peacock,1,0,1,0,0
cb1,CB,feathers,flamingo,1,0,1,0,0
cb1,CB,skin,frog,1,0,0,1,0
cb1,CB,skin,worm,1,0,0,1,0
cb1,CB,skin,elephant,1,0,0,1,0
cb1,CB,skin,rhino,0,0,0,0,1
cb1,CB,skin,toad,0,1,0,0,0
cb1,CB,skin,hippo,1,0,0,1,0
cb1,CB,skin,dolphin,1,0,0,1,0
cb1,CB,scales,shark,1,1,0,0,0
cb1,CB,skin,pig,0,0,0,0,1
cb1,CB,fur,platypus,1,0,0,0,1
cb1,CB,fur,ferret,1,0,0,0,1
cb1,CB,fur,gorilla,0,0,0,1,0
cb1,CB,fur,sheep,1,0,0,0,1
cb1,CB,fur,fox,1,0,0,0,1
cb1,CB,fur,bear,1,0,0,0,1
cb1,CB,fur,horse,1,0,0,0,1
cb1,CB,fur,donkey,1,0,0,0,1
cb1,CB,fur,seal,0,0,0,1,0
cb1,CB,fur,cat,1,0,0,0,1
cb2,CB,scales,snake,0,0,0,1,0
cb2,CB,scales,lizard,1,1,0,0,0
cb2,CB,scales,crocodile,1,1,0,0,0
cb2,CB,scales,goldfish,1,1,0,0,0
cb2,CB,scales,eel,0,0,0,1,0
cb2,CB,scales,turtle,0,0,0,1,0
cb2,CB,feathers,penguin,1,0,1,0,0
cb2,CB,feathers,pigeon,1,0,1,0,0
cb2,CB,feathers,ostrich,1,0,1,0,0
cb2,CB,feathers,peacock,1,0,1,0,0
cb2,CB,feathers,flamingo,1,0,1,0,0
cb2,CB,skin,frog,1,0,0,1,0
cb2,CB,skin,worm,1,0,0,1,0
cb2,CB,skin,elephant,0,0,0,0,1
cb2,CB,skin,rhino,0,0,0,0,1
cb2,CB,skin,toad,1,0,0,1,0
cb2,CB,skin,hippo,0,0,0,0,1
cb2,CB,skin,dolphin,1,0,0,1,0
cb2,CB,scales,shark,1,1,0,0,0
cb2,CB,skin,pig,0,0,0,0,1
cb2,CB,fur,platypus,0,1,0,0,0
cb2,CB,fur,ferret,1,0,0,0,1
cb2,CB,fur,gorilla,1,0,0,0,1
cb2,CB,fur,sheep,1,0,0,0,1
cb2,CB,fur,fox,1,0,0,0,1
cb2,CB,fur,bear,1,0,0,0,1
cb2,CB,fur,horse,1,0,0,0,1
cb2,CB,fur,donkey,1,0,0,0,1
cb2,CB,fur,seal,0,0,0,1,0
cb2,CB,fur,cat,1,0,0,0,1
cb3,CB,scales,snake,0,0,0,1,0
cb3,CB,scales,lizard,1,1,0,0,0
cb3,CB,scales,crocodile,1,1,0,0,0
cb3,CB,scales,goldfish,1,1,0,0,0
cb3,CB,scales,eel,1,1,0,0,0
cb3,CB,scales,turtle,0,0,0,1,0
cb3,CB,feathers,penguin,1,0,1,0,0
cb3,CB,feathers,pigeon,1,0,1,0,0
cb3,CB,feathers,ostrich,1,0,1,0,0
cb3,CB,feathers,peacock,1,0,1,0,0
cb3,CB,feathers,flamingo,1,0,1,0,0
cb3,CB,skin,frog,1,0,0,1,0
cb3,CB,skin,worm,1,0,0,1,0
cb3,CB,skin,elephant,0,0,0,0,1
cb3,CB,skin,rhino,0,0,0,0,1
cb3,CB,skin,toad,0,1,0,0,0
cb3,CB,skin,hippo,1,0,0,1,0
cb3,CB,skin,dolphin,1,0,0,1,0
cb3,CB,scales,shark,1,1,0,0,0
cb3,CB,skin,pig,0,0,0,0,1
cb3,CB,fur,platypus,0,0,0,1,0
cb3,CB,fur,ferret,1,0,0,0,1
cb3,CB,fur,gorilla,1,0,0,0,1
cb3,CB,fur,sheep,1,0,0,0,1
cb3,CB,fur,fox,1,0,0,0,1
cb3,CB,fur,bear,1,0,0,0,1
cb3,CB,fur,horse,1,0,0,0,1
cb3,CB,fur,donkey,1,0,0,0,1
cb3,CB,fur,seal,0,1,0,0,0
cb3,CB,fur,cat,1,0,0,0,1
cb4,CB,scales,snake,1,1,0,0,0
cb4,CB,scales,lizard,1,1,0,0,0
cb4,CB,scales,crocodile,1,1,0,0,0
cb4,CB,scales,goldfish,1,1,0,0,0
cb4,CB,scales,eel,0,0,0,1,0
cb4,CB,scales,turtle,1,1,0,0,0
cb4,CB,feathers,penguin,1,0,1,0,0
cb4,CB,feathers,pigeon,1,0,1,0,0
cb4,CB,feathers,ostrich,1,0,1,0,0
cb4,CB,feathers,peacock,1,0,1,0,0
cb4,CB,feathers,flamingo,1,0,1,0,0
cb4,CB,skin,frog,1,0,0,1,0
cb4,CB,skin,worm,1,0,0,1,0
cb4,CB,skin,elephant,1,0,0,1,0
cb4,CB,skin,rhino,0,0,0,0,1
cb4,CB,skin,toad,1,0,0,1,0
cb4,CB,skin,hippo,0,0,0,0,1
cb4,CB,skin,dolphin,1,0,0,1,0
cb4,CB,scales,shark,1,1,0,0,0
cb4,CB,skin,pig,0,0,0,0,1
cb4,CB,fur,platypus,1,0,0,0,1
cb4,CB,fur,ferret,1,0,0,0,1
cb4,CB,fur,gorilla,1,0,0,0,1
cb4,CB,fur,sheep,1,0,0,0,1
cb4,CB,fur,fox,1,0,0,0,1
cb4,CB,fur,bear,1,0,0,0,1
cb4,CB,fur,horse,1,0,0,0,1
cb4,CB,fur,donkey,1,0,0,0,1
cb4,CB,fur,seal,1,0,0,0,1
cb4,CB,fur,cat,1,0,0,0,1
cb5,CB,scales,snake,1,1,0,0,0
cb5,CB,scales,lizard,1,1,0,0,0
cb5,CB,scales,crocodile,1,1,0,0,0
cb5,CB,scales,goldfish,1,1,0,0,0
cb5,CB,scales,eel,1,1,0,0,0
cb5,CB,scales,turtle,1,1,0,0,0
cb5,CB,feathers,penguin,1,0,1,0,0
cb5,CB,feathers,pigeon,1,0,1,0,0
cb5,CB,feathers,ostrich,1,0,1,0,0
cb5,CB,feathers,peacock,1,0,1,0,0
cb5,CB,feathers,flamingo,1,0,1,0,0
cb5,CB,skin,frog,1,0,0,1,0
cb5,CB,skin,worm,1,0,0,1,0
cb5,CB,skin,elephant,1,0,0,1,0
cb5,CB,skin,rhino,1,0,0,1,0
cb5,CB,skin,toad,1,0,0,1,0
cb5,CB,skin,hippo,1,0,0,1,0
cb5,CB,skin,dolphin,1,0,0,1,0
cb5,CB,scales,shark,1,1,0,0,0
cb5,CB,skin,pig,0,0,0,0,1
cb5,CB,fur,platypus,1,0,0,0,1
cb5,CB,fur,ferret,1,0,0,0,1
cb5,CB,fur,gorilla,1,0,0,0,1
cb5,CB,fur,sheep,1,0,0,0,1
cb5,CB,fur,fox,1,0,0,0,1
cb5,CB,fur,bear,1,0,0,0,1
cb5,CB,fur,horse,1,0,0,0,1
cb5,CB,fur,donkey,1,0,0,0,1
cb5,CB,fur,seal,1,0,0,0,1
cb5,CB,fur,cat,1,0,0,0,1
cb6,CB,scales,snake,1,1,0,0,0
cb6,CB,scales,lizard,1,1,0,0,0
cb6,CB,scales,crocodile,1,1,0,0,0
cb6,CB,scales,goldfish,1,1,0,0,0
cb6,CB,scales,eel,1,1,0,0,0
cb6,CB,scales,turtle,0,0,0,1,0
cb6,CB,feathers,penguin,1,0,1,0,0
cb6,CB,feathers,pigeon,1,0,1,0,0
cb6,CB,feathers,ostrich,1,0,1,0,0
cb6,CB,feathers,peacock,1,0,1,0,0
cb6,CB,feathers,flamingo,1,0,1,0,0
cb6,CB,skin,frog,0,1,0,0,0
cb6,CB,skin,worm,1,0,0,1,0
cb6,CB,skin,elephant,1,0,0,1,0
cb6,CB,skin,rhino,1,0,0,1,0
cb6,CB,skin,toad,0,1,0,0,0
cb6,CB,skin,hippo,1,0,0,1,0
cb6,CB,skin,dolphin,0,1,0,0,0
cb6,CB,scales,shark,1,1,0,0,0
cb6,CB,skin,pig,1,0,0,1,0
cb6,CB,fur,platypus,0,1,0,0,0
cb6,CB,fur,ferret,1,0,0,0,1
cb6,CB,fur,gorilla,0,0,0,1,0
cb6,CB,fur,sheep,1,0,0,0,1
cb6,CB,fur,fox,1,0,0,0,1
cb6,CB,fur,bear,1,0,0,0,1
cb6,CB,fur,horse,1,0,0,0,1
cb6,CB,fur,donkey,1,0,0,0,1
cb6,CB,fur,seal,0,0,0,1,0
cb6,CB,fur,cat,1,0,0,0,1
cb7,CB,scales,snake,0,0,0,1,0
cb7,CB,scales,lizard,0,0,0,1,0
cb7,CB,scales,crocodile,0,0,0,1,0
cb7,CB,scales,goldfish,1,1,0,0,0
cb7,CB,scales,eel,1,1,0,0,0
cb7,CB,scales,turtle,0,0,0,0,0
cb7,CB,feathers,penguin,0,0,0,1,0
cb7,CB,feathers,pigeon,1,0,1,0,0
cb7,CB,feathers,ostrich,1,0,1,0,0
cb7,CB,feathers,peacock,1,0,1,0,0
cb7,CB,feathers,flamingo,1,0,1,0,0
cb7,CB,skin,frog,1,0,0,1,0
cb7,CB,skin,worm,1,0,0,1,0
cb7,CB,skin,elephant,0,0,0,0,1
cb7,CB,skin,rhino,1,0,0,1,0
cb7,CB,skin,toad,1,0,0,1,0
cb7,CB,skin,hippo,1,0,0,1,0
cb7,CB,skin,dolphin,1,0,0,1,0
cb7,CB,scales,shark,1,0,0,1,0
cb7,CB,skin,pig,0,0,0,0,1
cb7,CB,fur,platypus,0,0,0,1,0
cb7,CB,fur,ferret,1,0,0,0,1
cb7,CB,fur,gorilla,0,0,0,1,0
cb7,CB,fur,sheep,1,0,0,0,1
cb7,CB,fur,fox,1,0,0,0,1
cb7,CB,fur,bear,1,0,0,0,1
cb7,CB,fur,horse,1,0,0,0,1
cb7,CB,fur,donkey,1,0,0,0,1
cb7,CB,fur,seal,0,0,0,1,0
cb7,CB,fur,cat,1,0,0,0,1
cb8,CB,scales,snake,0,0,0,1,0
cb8,CB,scales,lizard,1,1,0,0,0
cb8,CB,scales,crocodile,0,0,0,1,0
cb8,CB,scales,goldfish,1,1,0,0,0
cb8,CB,scales,eel,0,0,0,1,0
cb8,CB,scales,turtle,0,0,0,1,0
cb8,CB,feathers,penguin,1,0,1,0,0
cb8,CB,feathers,pigeon,1,0,1,0,0
cb8,CB,feathers,ostrich,1,0,1,0,0
cb8,CB,feathers,peacock,1,0,1,0,0
cb8,CB,feathers,flamingo,1,0,1,0,0
cb8,CB,skin,frog,1,0,0,1,0
cb8,CB,skin,worm,1,0,0,1,0
cb8,CB,skin,elephant,1,0,0,1,0
cb8,CB,skin,rhino,0,0,0,0,1
cb8,CB,skin,toad,1,0,0,1,0
cb8,CB,skin,hippo,0,0,0,0,1
cb8,CB,skin,dolphin,1,0,0,1,0
cb8,CB,scales,shark,1,1,0,0,0
cb8,CB,skin,pig,0,0,0,0,1
cb8,CB,fur,platypus,1,0,0,0,1
cb8,CB,fur,ferret,1,0,0,0,1
cb8,CB,fur,gorilla,1,0,0,0,1
cb8,CB,fur,sheep,1,0,0,0,1
cb8,CB,fur,fox,1,0,0,0,1
cb8,CB,fur,bear,1,0,0,0,1
cb8,CB,fur,horse,1,0,0,0,1
cb8,CB,fur,donkey,1,0,0,0,1
cb8,CB,fur,seal,0,0,0,1,0
cb8,CB,fur,cat,1,0,0,0,1
cb9,CB,scales,snake,0,0,0,1,0
cb9,CB,scales,lizard,1,1,0,0,0
cb9,CB,scales,crocodile,0,0,0,1,0
cb9,CB,scales,goldfish,1,1,0,0,0
cb9,CB,scales,eel,1,1,0,0,0
cb9,CB,scales,turtle,0,0,0,1,0
cb9,CB,feathers,penguin,1,0,1,0,0
cb9,CB,feathers,pigeon,1,0,1,0,0
cb9,CB,feathers,ostrich,1,0,1,0,0
cb9,CB,feathers,peacock,1,0,1,0,0
cb9,CB,feathers,flamingo,1,0,1,0,0
cb9,CB,skin,frog,1,0,0,1,0
cb9,CB,skin,worm,1,0,0,1,0
cb9,CB,skin,elephant,1,0,0,1,0
cb9,CB,skin,rhino,1,0,0,1,0
cb9,CB,skin,toad,1,0,0,1,0
cb9,CB,skin,hippo,0,0,0,0,1
cb9,CB,skin,dolphin,1,0,0,1,0
cb9,CB,scales,shark,0,0,0,1,0
cb9,CB,skin,pig,1,0,0,1,0
cb9,CB,fur,platypus,0,0,0,1,0
cb9,CB,fur,ferret,0,0,0,1,0
cb9,CB,fur,gorilla,1,0,0,0,1
cb9,CB,fur,sheep,1,0,0,0,1
cb9,CB,fur,fox,0,0,0,1,0
cb9,CB,fur,bear,1,0,0,0,1
cb9,CB,fur,horse,1,0,0,0,1
cb9,CB,fur,donkey,1,0,0,0,1
cb9,CB,fur,seal,0,0,0,1,0
cb9,CB,fur,cat,1,0,0,0,1
cb10,CB,scales,snake,0,0,0,1,0
cb10,CB,scales,lizard,0,0,0,1,0
cb10,CB,scales,crocodile,0,0,0,1,0
cb10,CB,scales,goldfish,1,1,0,0,0
cb10,CB,scales,eel,1,1,0,0,0
cb10,CB,scales,turtle,0,0,0,1,0
cb10,CB,feathers,penguin,0,0,0,0,1
cb10,CB,feathers,pigeon,1,0,1,0,0
cb10,CB,feathers,ostrich,1,0,1,0,0
cb10,CB,feathers,peacock,1,0,1,0,0
cb10,CB,feathers,flamingo,1,0,1,0,0
cb10,CB,skin,frog,0,0,0,0,1
cb10,CB,skin,worm,1,0,0,1,0
cb10,CB,skin,elephant,1,0,0,1,0
cb10,CB,skin,rhino,0,0,1,0,0
cb10,CB,skin,toad,1,0,0,1,0
cb10,CB,skin,hippo,0,0,0,0,1
cb10,CB,skin,dolphin,0,1,0,0,0
cb10,CB,scales,shark,1,1,0,0,0
cb10,CB,skin,pig,0,0,0,0,1
cb10,CB,fur,platypus,0,0,0,1,0
cb10,CB,fur,ferret,0,0,1,0,0
cb10,CB,fur,gorilla,1,0,0,0,1
cb10,CB,fur,sheep,1,0,0,0,1
cb10,CB,fur,fox,1,0,0,0,1
cb10,CB,fur,bear,1,0,0,0,1
cb10,CB,fur,horse,1,0,0,0,1
cb10,CB,fur,donkey,0,0,0,1,0
cb10,CB,fur,seal,0,1,0,0,0
cb10,CB,fur,cat,1,0,0,0,1
cb11,CB,scales,snake,1,1,0,0,0
cb11,CB,scales,lizard,1,1,0,0,0
cb11,CB,scales,crocodile,0,0,0,1,0
cb11,CB,scales,goldfish,1,1,0,0,0
cb11,CB,scales,eel,0,0,0,1,0
cb11,CB,scales,turtle,0,0,0,1,0
cb11,CB,feathers,penguin,1,0,1,0,0
cb11,CB,feathers,pigeon,1,0,1,0,0
cb11,CB,feathers,ostrich,1,0,1,0,0
cb11,CB,feathers,peacock,1,0,1,0,0
cb11,CB,feathers,flamingo,1,0,1,0,0
cb11,CB,skin,frog,1,0,0,1,0
cb11,CB,skin,worm,1,0,0,1,0
cb11,CB,skin,elephant,0,0,0,0,1
cb11,CB,skin,rhino,0,0,0,0,1
cb11,CB,skin,toad,1,0,0,1,0
cb11,CB,skin,hippo,0,0,0,0,1
cb11,CB,skin,dolphin,0,1,0,0,0
cb11,CB,scales,shark,1,1,0,0,0
cb11,CB,skin,pig,0,0,0,0,1
cb11,CB,fur,platypus,1,0,0,0,1
cb11,CB,fur,ferret,1,0,0,0,1
cb11,CB,fur,gorilla,1,0,0,0,1
cb11,CB,fur,sheep,1,0,0,0,1
cb11,CB,fur,fox,1,0,0,0,1
cb11,CB,fur,bear,1,0,0,0,1
cb11,CB,fur,horse,1,0,0,0,1
cb11,CB,fur,donkey,1,0,0,0,1
cb11,CB,fur,seal,0,0,0,1,0
cb11,CB,fur,cat,1,0,0,0,1
cb12,CB,scales,snake,0,0,0,1,0
cb12,CB,scales,lizard,0,0,0,1,0
cb12,CB,scales,crocodile,0,0,0,1,0
cb12,CB,scales,goldfish,1,1,0,0,0
cb12,CB,scales,eel,0,0,0,1,0
cb12,CB,scales,turtle,0,0,0,1,0
cb12,CB,feathers,penguin,1,0,1,0,0
cb12,CB,feathers,pigeon,1,0,1,0,0
cb12,CB,feathers,ostrich,0,1,0,0,0
cb12,CB,feathers,peacock,1,0,1,0,0
cb12,CB,feathers,flamingo,1,0,1,0,0
cb12,CB,skin,frog,1,0,0,1,0
cb12,CB,skin,worm,1,0,0,1,0
cb12,CB,skin,elephant,1,0,0,1,0
cb12,CB,skin,rhino,1,0,0,1,0
cb12,CB,skin,toad,1,0,0,1,0
cb12,CB,skin,hippo,1,0,0,1,0
cb12,CB,skin,dolphin,1,0,0,1,0
cb12,CB,scales,shark,1,1,0,0,0
cb12,CB,skin,pig,1,0,0,1,0
cb12,CB,fur,platypus,0,0,0,1,0
cb12,CB,fur,ferret,1,0,0,0,1
cb12,CB,fur,gorilla,1,0,0,0,1
cb12,CB,fur,sheep,1,0,0,0,1
cb12,CB,fur,fox,1,0,0,0,1
cb12,CB,fur,bear,1,0,0,0,1
cb12,CB,fur,horse,1,0,0,0,1
cb12,CB,fur,donkey,1,0,0,0,1
cb12,CB,fur,seal,0,0,0,1,0
cb12,CB,fur,cat,1,0,0,0,1
cb13,CB,scales,snake,1,1,0,0,0
cb13,CB,scales,lizard,0,0,0,1,0
cb13,CB,scales,crocodile,1,1,0,0,0
cb13,CB,scales,goldfish,0,0,0,1,0
cb13,CB,scales,eel,0,0,0,1,0
cb13,CB,scales,turtle,0,0,0,1,0
cb13,CB,feathers,penguin,0,0,0,1,0
cb13,CB,feathers,pigeon,1,0,1,0,0
cb13,CB,feathers,ostrich,1,0,1,0,0
cb13,CB,feathers,peacock,1,0,1,0,0
cb13,CB,feathers,flamingo,1,0,1,0,0
cb13,CB,skin,frog,0,1,0,0,0
cb13,CB,skin,worm,1,0,0,1,0
cb13,CB,skin,elephant,0,0,0,0,1
cb13,CB,skin,rhino,0,0,0,0,1
cb13,CB,skin,toad,1,0,0,1,0
cb13,CB,skin,hippo,0,0,0,0,1
cb13,CB,skin,dolphin,0,1,0,0,0
cb13,CB,scales,shark,0,0,0,1,0
cb13,CB,skin,pig,0,0,0,0,1
cb13,CB,fur,platypus,0,1,0,0,0
cb13,CB,fur,ferret,1,0,0,0,1
cb13,CB,fur,gorilla,1,0,0,0,1
cb13,CB,fur,sheep,1,0,0,0,1
cb13,CB,fur,fox,1,0,0,0,1
cb13,CB,fur,bear,1,0,0,0,1
cb13,CB,fur,horse,1,0,0,0,1
cb13,CB,fur,donkey,1,0,0,0,1
cb13,CB,fur,seal,0,0,0,1,0
cb13,CB,fur,cat,1,0,0,0,1
cb14,CB,scales,snake,1,1,0,0,0
cb14,CB,scales,lizard,1,1,0,0,0
cb14,CB,scales,crocodile,1,1,0,0,0
cb14,CB,scales,goldfish,1,1,0,0,0
cb14,CB,scales,eel,1,1,0,0,0
cb14,CB,scales,turtle,1,1,0,0,0
cb14,CB,feathers,penguin,1,0,1,0,0
cb14,CB,feathers,pigeon,1,0,1,0,0
cb14,CB,feathers,ostrich,1,0,1,0,0
cb14,CB,feathers,peacock,1,0,1,0,0
cb14,CB,feathers,flamingo,1,0,1,0,0
cb14,CB,skin,frog,1,0,0,1,0
cb14,CB,skin,worm,1,0,0,1,0
cb14,CB,skin,elephant,1,0,0,1,0
cb14,CB,skin,rhino,1,0,0,1,0
cb14,CB,skin,toad,1,0,0,1,0
cb14,CB,skin,hippo,1,0,0,1,0
cb14,CB,skin,dolphin,1,0,0,1,0
cb14,CB,scales,shark,0,0,0,1,0
cb14,CB,skin,pig,0,0,0,0,1
cb14,CB,fur,platypus,0,1,0,0,0
cb14,CB,fur,ferret,1,0,0,0,1
cb14,CB,fur,gorilla,1,0,0,0,1
cb14,CB,fur,sheep,1,0,0,0,1
cb14,CB,fur,fox,1,0,0,0,1
cb14,CB,fur,bear,1,0,0,0,1
cb14,CB,fur,horse,1,0,0,0,1
cb14,CB,fur,donkey,1,0,0,0,1
cb14,CB,fur,seal,1,0,0,0,1
cb14,CB,fur,cat,1,0,0,0,1
cb15,CB,scales,snake,1,1,0,0,0
cb15,CB,scales,lizard,0,0,0,1,0
cb15,CB,scales,crocodile,1,1,0,0,0
cb15,CB,scales,goldfish,0,0,0,1,0
cb15,CB,scales,eel,0,0,0,1,0
cb15,CB,scales,turtle,0,0,0,1,0
cb15,CB,feathers,penguin,0,0,0,1,0
cb15,CB,feathers,pigeon,0,0,0,0,1
cb15,CB,feathers,ostrich,1,0,1,0,0
cb15,CB,feathers,peacock,1,0,1,0,0
cb15,CB,feathers,flamingo,1,0,1,0,0
cb15,CB,skin,frog,1,0,0,1,0
cb15,CB,skin,worm,1,0,0,1,0
cb15,CB,skin,elephant,1,0,0,1,0
cb15,CB,skin,rhino,0,0,0,0,1
cb15,CB,skin,toad,1,0,0,1,0
cb15,CB,skin,hippo,0,0,0,0,1
cb15,CB,skin,dolphin,1,0,0,1,0
cb15,CB,scales,shark,1,1,0,0,0
cb15,CB,skin,pig,0,0,0,0,1
cb15,CB,fur,platypus,0,0,0,1,0
cb15,CB,fur,ferret,1,0,0,0,1
cb15,CB,fur,gorilla,1,0,0,0,1
cb15,CB,fur,sheep,1,0,0,0,1
cb15,CB,fur,fox,1,0,0,0,1
cb15,CB,fur,bear,1,0,0,0,1
cb15,CB,fur,horse,1,0,0,0,1
cb15,CB,fur,donkey,1,0,0,0,1
cb15,CB,fur,seal,0,0,0,1,0
cb15,CB,fur,cat,1,0,0,0,1
cb16,CB,scales,snake,1,1,0,0,0
cb16,CB,scales,lizard,1,1,0,0,0
cb16,CB,scales,crocodile,1,1,0,0,0
cb16,CB,scales,goldfish,1,1,0,0,0
cb16,CB,scales,eel,1,1,0,0,0
cb16,CB,scales,turtle,1,1,0,0,0
cb16,CB,feathers,penguin,0,0,0,0,1
cb16,CB,feathers,pigeon,1,0,1,0,0
cb16,CB,feathers,ostrich,0,1,0,0,0
cb16,CB,feathers,peacock,1,0,1,0,0
cb16,CB,feathers,flamingo,1,0,1,0,0
cb16,CB,skin,frog,0,1,0,0,0
cb16,CB,skin,worm,0,1,0,0,0
cb16,CB,skin,elephant,1,0,0,1,0
cb16,CB,skin,rhino,1,0,0,1,0
cb16,CB,skin,toad,1,0,0,1,0
cb16,CB,skin,hippo,1,0,0,1,0
cb16,CB,skin,dolphin,0,0,0,0,1
cb16,CB,scales,shark,1,1,0,0,0
cb16,CB,skin,pig,0,0,0,0,1
cb16,CB,fur,platypus,0,1,0,0,0
cb16,CB,fur,ferret,1,0,0,0,1
cb16,CB,fur,gorilla,1,0,0,0,1
cb16,CB,fur,sheep,1,0,0,0,1
cb16,CB,fur,fox,1,0,0,0,1
cb16,CB,fur,bear,1,0,0,0,1
cb16,CB,fur,horse,1,0,0,0,1
cb16,CB,fur,donkey,1,0,0,0,1
cb16,CB,fur,seal,0,0,0,1,0
cb16,CB,fur,cat,1,0,0,0,1
cb17,CB,scales,snake,1,1,0,0,0
cb17,CB,scales,lizard,1,1,0,0,0
cb17,CB,scales,crocodile,0,0,0,1,0
cb17,CB,scales,goldfish,1,1,0,0,0
cb17,CB,scales,eel,0,0,0,1,0
cb17,CB,scales,turtle,1,1,0,0,0
cb17,CB,feathers,penguin,0,0,0,1,0
cb17,CB,feathers,pigeon,1,0,1,0,0
cb17,CB,feathers,ostrich,1,0,1,0,0
cb17,CB,feathers,peacock,1,0,1,0,0
cb17,CB,feathers,flamingo,0,1,0,0,0
cb17,CB,skin,frog,1,0,0,1,0
cb17,CB,skin,worm,1,0,0,1,0
cb17,CB,skin,elephant,0,0,0,0,1
cb17,CB,skin,rhino,1,0,0,1,0
cb17,CB,skin,toad,1,0,0,1,0
cb17,CB,skin,hippo,0,0,0,0,1
cb17,CB,skin,dolphin,1,0,0,1,0
cb17,CB,scales,shark,0,0,0,1,0
cb17,CB,skin,pig,0,0,0,0,1
cb17,CB,fur,platypus,0,0,0,1,0
cb17,CB,fur,ferret,1,0,0,0,1
cb17,CB,fur,gorilla,1,0,0,0,1
cb17,CB,fur,sheep,1,0,0,0,1
cb17,CB,fur,fox,1,0,0,0,1
cb17,CB,fur,bear,1,0,0,0,1
cb17,CB,fur,horse,1,0,0,0,1
cb17,CB,fur,donkey,1,0,0,0,1
cb17,CB,fur,seal,1,0,0,0,1
cb17,CB,fur,cat,1,0,0,0,1
cb18,CB,scales,snake,1,1,0,0,0
cb18,CB,scales,lizard,0,0,0,1,0
cb18,CB,scales,crocodile,0,0,0,1,0
cb18,CB,scales,goldfish,1,1,0,0,0
cb18,CB,scales,eel,1,1,0,0,0
cb18,CB,scales,turtle,0,0,0,0,1
cb18,CB,feathers,penguin,0,0,0,0,1
cb18,CB,feathers,pigeon,1,0,1,0,0
cb18,CB,feathers,ostrich,1,0,1,0,0
cb18,CB,feathers,peacock,1,0,1,0,0
cb18,CB,feathers,flamingo,1,0,1,0,0
cb18,CB,skin,frog,0,1,0,0,0
cb18,CB,skin,worm,1,0,0,1,0
cb18,CB,skin,elephant,1,0,0,1,0
cb18,CB,skin,rhino,1,0,0,1,0
cb18,CB,skin,toad,0,1,0,0,0
cb18,CB,skin,hippo,0,0,0,0,0
cb18,CB,skin,dolphin,0,1,0,0,0
cb18,CB,scales,shark,1,1,0,0,0
cb18,CB,skin,pig,0,0,0,0,1
cb18,CB,fur,platypus,1,0,0,0,1
cb18,CB,fur,ferret,1,0,0,0,1
cb18,CB,fur,gorilla,1,0,0,0,1
cb18,CB,fur,sheep,1,0,0,0,1
cb18,CB,fur,fox,1,0,0,0,1
cb18,CB,fur,bear,1,0,0,0,1
cb18,CB,fur,horse,1,0,0,0,1
cb18,CB,fur,donkey,1,0,0,0,1
cb18,CB,fur,seal,1,0,0,0,1
cb18,CB,fur,cat,1,0,0,0,1
cb19,CB,scales,snake,0,0,0,1,0
cb19,CB,scales,lizard,0,0,0,1,0
cb19,CB,scales,crocodile,0,0,0,1,0
cb19,CB,scales,goldfish,1,1,0,0,0
cb19,CB,scales,eel,0,0,0,1,0
cb19,CB,scales,turtle,0,0,0,1,0
cb19,CB,feathers,penguin,0,0,0,1,0
cb19,CB,feathers,pigeon,1,0,1,0,0
cb19,CB,feathers,ostrich,1,0,1,0,0
cb19,CB,feathers,peacock,1,0,1,0,0
cb19,CB,feathers,flamingo,1,0,1,0,0
cb19,CB,skin,frog,1,0,0,1,0
cb19,CB,skin,worm,1,0,0,1,0
cb19,CB,skin,elephant,1,0,0,1,0
cb19,CB,skin,rhino,0,0,0,0,1
cb19,CB,skin,toad,1,0,0,1,0
cb19,CB,skin,hippo,1,0,0,1,0
cb19,CB,skin,dolphin,1,0,0,1,0
cb19,CB,scales,shark,0,0,0,1,0
cb19,CB,skin,pig,1,0,0,1,0
cb19,CB,fur,platypus,0,0,0,1,0
cb19,CB,fur,ferret,0,0,1,0,0
cb19,CB,fur,gorilla,1,0,0,0,1
cb19,CB,fur,sheep,1,0,0,0,1
cb19,CB,fur,fox,1,0,0,0,1
cb19,CB,fur,bear,1,0,0,0,1
cb19,CB,fur,horse,1,0,0,0,1
cb19,CB,fur,donkey,1,0,0,0,1
cb19,CB,fur,seal,0,0,0,1,0
cb19,CB,fur,cat,1,0,0,0,1
cb20,CB,scales,snake,1,1,0,0,0
cb20,CB,scales,lizard,1,1,0,0,0
cb20,CB,scales,crocodile,0,0,0,1,0
cb20,CB,scales,goldfish,0,0,0,1,0
cb20,CB,scales,eel,1,1,0,0,0
cb20,CB,scales,turtle,0,0,0,1,0
cb20,CB,feathers,penguin,0,0,0,0,1
cb20,CB,feathers,pigeon,0,0,0,0,1
cb20,CB,feathers,ostrich,0,0,0,0,1
cb20,CB,feathers,peacock,0,0,0,0,1
cb20,CB,feathers,flamingo,0,0,0,0,1
cb20,CB,skin,frog,1,0,0,1,0
cb20,CB,skin,worm,1,0,0,1,0
cb20,CB,skin,elephant,1,0,0,1,0
cb20,CB,skin,rhino,1,0,0,1,0
cb20,CB,skin,toad,1,0,0,1,0
cb20,CB,skin,hippo,0,0,0,0,1
cb20,CB,skin,dolphin,1,0,0,1,0
cb20,CB,scales,shark,0,0,0,1,0
cb20,CB,skin,pig,0,0,0,0,1
cb20,CB,fur,platypus,0,0,0,1,0
cb20,CB,fur,ferret,1,0,0,0,1
cb20,CB,fur,gorilla,1,0,0,0,1
cb20,CB,fur,sheep,1,0,0,0,1
cb20,CB,fur,fox,1,0,0,0,1
cb20,CB,fur,bear,1,0,0,0,1
cb20,CB,fur,horse,1,0,0,0,1
cb20,CB,fur,donkey,1,0,0,0,1
cb20,CB,fur,seal,0,0,0,1,0
cb20,CB,fur,cat,1,0,0,0,1
s1,S,scales,snake,1,1,0,0,0
s1,S,scales,lizard,1,1,0,0,0
s1,S,scales,crocodile,1,1,0,0,0
s1,S,scales,goldfish,1,1,0,0,0
s1,S,scales,eel,1,1,0,0,0
s1,S,scales,turtle,1,1,0,0,0
s1,S,feathers,penguin,1,0,1,0,0
s1,S,feathers,pigeon,1,0,1,0,0
s1,S,feathers,ostrich,1,0,1,0,0
s1,S,feathers,peacock,1,0,1,0,0
s1,S,feathers,flamingo,1,0,1,0,0
s1,S,skin,frog,0,1,0,0,0
s1,S,skin,worm,0,1,0,0,0
s1,S,skin,elephant,1,0,0,1,0
s1,S,skin,rhino,1,0,0,1,0
s1,S,skin,toad,0,1,0,0,0
s1,S,skin,hippo,1,0,0,1,0
s1,S,skin,dolphin,0,1,0,0,0
s1,S,scales,shark,1,1,0,0,0
s1,S,skin,pig,1,0,0,1,0
s1,S,fur,platypus,0,0,0,1,0
s1,S,fur,ferret,1,0,0,0,1
s1,S,fur,gorilla,1,0,0,0,1
s1,S,fur,sheep,1,0,0,0,1
s1,S,fur,fox,1,0,0,0,1
s1,S,fur,bear,1,0,0,0,1
s1,S,fur,horse,1,0,0,0,1
s1,S,fur,donkey,1,0,0,0,1
s1,S,fur,seal,0,1,0,0,0
s1,S,fur,cat,1,0,0,0,1
s2,S,scales,snake,1,1,0,0,0
s2,S,scales,lizard,1,1,0,0,0
s2,S,scales,crocodile,0,0,0,1,0
s2,S,scales,goldfish,1,1,0,0,0
s2,S,scales,eel,1,1,0,0,0
s2,S,scales,turtle,0,0,0,1,0
s2,S,feathers,penguin,1,0,1,0,0
s2,S,feathers,pigeon,1,0,1,0,0
s2,S,feathers,ostrich,1,0,1,0,0
s2,S,feathers,peacock,1,0,1,0,0
s2,S,feathers,flamingo,1,0,1,0,0
s2,S,skin,frog,1,0,0,1,0
s2,S,skin,worm,1,0,0,1,0
s2,S,skin,elephant,1,0,0,1,0
s2,S,skin,rhino,1,0,0,1,0
s2,S,skin,toad,1,0,0,1,0
s2,S,skin,hippo,1,0,0,1,0
s2,S,skin,dolphin,1,0,0,1,0
s2,S,scales,shark,0,0,0,1,0
s2,S,skin,pig,0,0,0,0,1
s2,S,fur,platypus,1,0,0,0,1
s2,S,fur,ferret,1,0,0,0,1
s2,S,fur,gorilla,1,0,0,0,1
s2,S,fur,sheep,1,0,0,0,1
s2,S,fur,fox,1,0,0,0,1
s2,S,fur,bear,1,0,0,0,1
s2,S,fur,horse,1,0,0,0,1
s2,S,fur,donkey,1,0,0,0,1
s2,S,fur,seal,0,0,0,1,0
s2,S,fur,cat,1,0,0,0,1
s3,S,scales,snake,0,0,0,1,0
s3,S,scales,lizard,0,0,0,1,0
s3,S,scales,crocodile,0,0,0,1,0
s3,S,scales,goldfish,1,1,0,0,0
s3,S,scales,eel,1,1,0,0,0
s3,S,scales,turtle,0,0,0,1,0
s3,S,feathers,penguin,0,0,0,1,0
s3,S,feathers,pigeon,1,0,1,0,0
s3,S,feathers,ostrich,1,0,1,0,0
s3,S,feathers,peacock,1,0,1,0,0
s3,S,feathers,flamingo,1,0,1,0,0
s3,S,skin,frog,1,0,0,1,0
s3,S,skin,worm,1,0,0,1,0
s3,S,skin,elephant,1,0,0,1,0
s3,S,skin,rhino,1,0,0,1,0
s3,S,skin,toad,1,0,0,1,0
s3,S,skin,hippo,1,0,0,1,0
s3,S,skin,dolphin,1,0,0,1,0
s3,S,scales,shark,0,0,0,1,0
s3,S,skin,pig,1,0,0,1,0
s3,S,fur,platypus,0,0,0,1,0
s3,S,fur,ferret,1,0,0,0,1
s3,S,fur,gorilla,1,0,0,0,1
s3,S,fur,sheep,1,0,0,0,1
s3,S,fur,fox,1,0,0,0,1
s3,S,fur,bear,1,0,0,0,1
s3,S,fur,horse,1,0,0,0,1
s3,S,fur,donkey,1,0,0,0,1
s3,S,fur,seal,0,0,0,1,0
s3,S,fur,cat,1,0,0,0,1
s4,S,scales,snake,1,1,0,0,0
s4,S,scales,lizard,0,0,0,1,0
s4,S,scales,crocodile,0,0,0,1,0
s4,S,scales,goldfish,1,1,0,0,0
s4,S,scales,eel,1,1,0,0,0
s4,S,scales,turtle,0,0,0,1,0
s4,S,feathers,penguin,1,0,1,0,0
s4,S,feathers,pigeon,1,0,1,0,0
s4,S,feathers,ostrich,1,0,1,0,0
s4,S,feathers,peacock,1,0,1,0,0
s4,S,feathers,flamingo,1,0,1,0,0
s4,S,skin,frog,1,0,0,1,0
s4,S,skin,worm,1,0,0,1,0
s4,S,skin,elephant,1,0,0,1,0
s4,S,skin,rhino,1,0,0,1,0
s4,S,skin,toad,1,0,0,1,0
s4,S,skin,hippo,1,0,0,1,0
s4,S,skin,dolphin,1,0,0,1,0
s4,S,scales,shark,0,0,0,1,0
s4,S,skin,pig,1,0,0,1,0
s4,S,fur,platypus,1,0,0,0,1
s4,S,fur,ferret,1,0,0,0,1
s4,S,fur,gorilla,1,0,0,0,1
s4,S,fur,sheep,1,0,0,0,1
s4,S,fur,fox,1,0,0,0,1
s4,S,fur,bear,1,0,0,0,1
s4,S,fur,horse,1,0,0,0,1
s4,S,fur,donkey,1,0,0,0,1
s4,S,fur,seal,0,0,0,1,0
s4,S,fur,cat,1,0,0,0,1
s5,S,scales,snake,1,1,0,0,0
s5,S,scales,lizard,1,1,0,0,0
s5,S,scales,crocodile,1,1,0,0,0
s5,S,scales,goldfish,1,1,0,0,0
s5,S,scales,eel,0,0,0,1,0
s5,S,scales,turtle,0,0,0,1,0
s5,S,feathers,penguin,0,0,0,0,1
s5,S,feathers,pigeon,1,0,1,0,0
s5,S,feathers,ostrich,1,0,1,0,0
s5,S,feathers,peacock,1,0,1,0,0
s5,S,feathers,flamingo,1,0,1,0,0
s5,S,skin,frog,1,0,0,1,0
s5,S,skin,worm,1,0,0,1,0
s5,S,skin,elephant,1,0,0,1,0
s5,S,skin,rhino,1,0,0,1,0
s5,S,skin,toad,1,0,0,1,0
s5,S,skin,hippo,1,0,0,1,0
s5,S,skin,dolphin,1,0,0,1,0
s5,S,scales,shark,0,0,0,1,0
s5,S,skin,pig,1,0,0,1,0
s5,S,fur,platypus,0,0,0,1,0
s5,S,fur,ferret,1,0,0,0,1
s5,S,fur,gorilla,1,0,0,0,1
s5,S,fur,sheep,1,0,0,0,1
s5,S,fur,fox,1,0,0,0,1
s5,S,fur,bear,1,0,0,0,1
s5,S,fur,horse,1,0,0,0,1
s5,S,fur,donkey,1,0,0,0,1
s5,S,fur,seal,0,0,0,1,0
s5,S,fur,cat,1,0,0,0,1
s6,S,scales,snake,1,1,0,0,0
s6,S,scales,lizard,1,1,0,0,0
s6,S,scales,crocodile,0,0,0,1,0
s6,S,scales,goldfish,1,1,0,0,0
s6,S,scales,eel,1,1,0,0,0
s6,S,scales,turtle,0,0,0,1,0
s6,S,feathers,penguin,0,0,0,0,1
s6,S,feathers,pigeon,1,0,1,0,0
s6,S,feathers,ostrich,1,0,1,0,0
s6,S,feathers,peacock,1,0,1,0,0
s6,S,feathers,flamingo,1,0,1,0,0
s6,S,skin,frog,1,0,0,1,0
s6,S,skin,worm,1,0,0,1,0
s6,S,skin,elephant,1,0,0,1,0
s6,S,skin,rhino,1,0,0,1,0
s6,S,skin,toad,1,0,0,1,0
s6,S,skin,hippo,1,0,0,1,0
s6,S,skin,dolphin,1,0,0,1,0
s6,S,scales,shark,0,0,0,1,0
s6,S,skin,pig,0,0,0,0,1
s6,S,fur,platypus,1,0,0,0,1
s6,S,fur,ferret,1,0,0,0,1
s6,S,fur,gorilla,1,0,0,0,1
s6,S,fur,sheep,1,0,0,0,1
s6,S,fur,fox,1,0,0,0,1
s6,S,fur,bear,1,0,0,0,1
s6,S,fur,horse,1,0,0,0,1
s6,S,fur,donkey,1,0,0,0,1
s6,S,fur,seal,1,0,0,0,1
s6,S,fur,cat,1,0,0,0,1
s7,S,scales,snake,1,1,0,0,0
s7,S,scales,lizard,0,0,0,1,0
s7,S,scales,crocodile,1,1,0,0,0
s7,S,scales,goldfish,1,1,0,0,0
s7,S,scales,eel,0,0,0,1,0
s7,S,scales,turtle,1,1,0,0,0
s7,S,feathers,penguin,0,0,0,0,1
s7,S,feathers,pigeon,1,0,1,0,0
s7,S,feathers,ostrich,1,0,1,0,0
s7,S,feathers,peacock,1,0,1,0,0
s7,S,feathers,flamingo,1,0,1,0,0
s7,S,skin,frog,1,0,0,1,0
s7,S,skin,worm,1,0,0,1,0
s7,S,skin,elephant,1,0,0,1,0
s7,S,skin,rhino,1,0,0,1,0
s7,S,skin,toad,1,0,0,1,0
s7,S,skin,hippo,1,0,0,1,0
s7,S,skin,dolphin,1,0,0,1,0
s7,S,scales,shark,0,0,0,1,0
s7,S,skin,pig,0,0,0,0,1
s7,S,fur,platypus,1,0,0,0,1
s7,S,fur,ferret,1,0,0,0,1
s7,S,fur,gorilla,1,0,0,0,1
s7,S,fur,sheep,1,0,0,0,1
s7,S,fur,fox,1,0,0,0,1
s7,S,fur,bear,1,0,0,0,1
s7,S,fur,horse,1,0,0,0,1
s7,S,fur,donkey,1,0,0,0,1
s7,S,fur,seal,1,0,0,0,1
s7,S,fur,cat,1,0,0,0,1
s8,S,scales,snake,0,0,0,1,0
s8,S,scales,lizard,0,0,0,1,0
s8,S,scales,crocodile,1,1,0,0,0
s8,S,scales,goldfish,1,1,0,0,0
s8,S,scales,eel,1,1,0,0,0
s8,S,skin,turtle,1,0,0,1,0
s8,S,feathers,penguin,0,0,0,0,1
s8,S,feathers,pigeon,1,0,1,0,0
s8,S,feathers,ostrich,1,0,1,0,0
s8,S,feathers,peacock,1,0,1,0,0
s8,S,feathers,flamingo,1,0,1,0,0
s8,S,skin,frog,1,0,0,1,0
s8,S,skin,worm,1,0,0,1,0
s8,S,skin,elephant,1,0,0,1,0
s8,S,skin,rhino,1,0,0,1,0
s8,S,skin,toad,1,0,0,1,0
s8,S,skin,hippo,1,0,0,1,0
s8,S,skin,dolphin,1,0,0,1,0
s8,S,scales,shark,0,0,0,1,0
s8,S,skin,pig,1,0,0,1,0
s8,S,fur,platypus,0,0,0,1,0
s8,S,fur,ferret,0,0,1,0,0
s8,S,fur,gorilla,1,0,0,0,1
s8,S,fur,sheep,1,0,0,0,1
s8,S,fur,fox,1,0,0,0,1
s8,S,fur,bear,1,0,0,0,1
s8,S,fur,horse,1,0,0,0,1
s8,S,fur,donkey,1,0,0,0,1
s8,S,fur,seal,0,0,0,1,0
s8,S,fur,cat,1,0,0,0,1
s9,S,scales,snake,1,1,0,0,0
s9,S,scales,lizard,0,0,0,1,0
s9,S,scales,crocodile,1,1,0,0,0
s9,S,scales,goldfish,1,1,0,0,0
s9,S,scales,eel,0,0,0,1,0
s9,S,scales,turtle,0,0,0,1,0
s9,S,feathers,penguin,0,0,0,0,1
s9,S,feathers,pigeon,1,0,1,0,0
s9,S,feathers,ostrich,1,0,1,0,0
s9,S,feathers,peacock,1,0,1,0,0
s9,S,feathers,flamingo,1,0,1,0,0
s9,S,skin,frog,1,0,0,1,0
s9,S,skin,worm,1,0,0,1,0
s9,S,skin,elephant,1,0,0,1,0
s9,S,skin,rhino,1,0,0,1,0
s9,S,skin,toad,1,0,0,1,0
s9,S,skin,hippo,1,0,0,1,0
s9,S,skin,dolphin,1,0,0,1,0
s9,S,scales,shark,0,0,0,0,1
s9,S,skin,pig,0,0,0,0,1
s9,S,fur,platypus,0,0,0,1,0
s9,S,fur,ferret,1,0,0,0,1
s9,S,fur,gorilla,1,0,0,0,1
s9,S,fur,sheep,1,0,0,0,1
s9,S,fur,fox,1,0,0,0,1
s9,S,fur,bear,1,0,0,0,1
s9,S,fur,horse,1,0,0,0,1
s9,S,fur,donkey,1,0,0,0,1
s9,S,fur,seal,1,0,0,0,1
s9,S,fur,cat,1,0,0,0,1
s10,S,scales,snake,1,1,0,0,0
s10,S,scales,lizard,0,0,0,1,0
s10,S,scales,crocodile,0,0,0,1,0
s10,S,scales,goldfish,1,1,0,0,0
s10,S,scales,eel,0,0,0,1,0
s10,S,scales,turtle,0,0,0,1,0
s10,S,feathers,penguin,1,0,1,0,0
s10,S,feathers,pigeon,1,0,1,0,0
s10,S,feathers,ostrich,1,0,1,0,0
s10,S,feathers,peacock,1,0,1,0,0
s10,S,feathers,flamingo,1,0,1,0,0
s10,S,skin,frog,1,0,0,1,0
s10,S,skin,worm,1,0,0,1,0
s10,S,skin,elephant,1,0,0,1,0
s10,S,skin,rhino,1,0,0,1,0
s10,S,skin,toad,1,0,0,1,0
s10,S,skin,hippo,1,0,0,1,0
s10,S,skin,dolphin,1,0,0,1,0
s10,S,scales,shark,1,1,0,0,0
s10,S,skin,pig,1,0,0,1,0
s10,S,fur,platypus,1,0,0,0,1
s10,S,fur,ferret,1,0,0,0,1
s10,S,fur,gorilla,1,0,0,0,1
s10,S,fur,sheep,1,0,0,0,1
s10,S,fur,fox,1,0,0,0,1
s10,S,fur,bear,1,0,0,0,1
s10,S,fur,horse,1,0,0,0,1
s10,S,fur,donkey,1,0,0,0,1
s10,S,fur,seal,1,0,0,0,1
s10,S,fur,cat,1,0,0,0,1
s11,S,scales,snake,1,1,0,0,0
s11,S,scales,lizard,0,0,0,1,0
s11,S,scales,crocodile,1,1,0,0,0
s11,S,scales,goldfish,1,1,0,0,0
s11,S,scales,eel,0,0,0,1,0
s11,S,scales,turtle,1,1,0,0,0
s11,S,feathers,penguin,0,0,0,0,1
s11,S,feathers,pigeon,1,0,1,0,0
s11,S,feathers,ostrich,1,0,1,0,0
s11,S,feathers,peacock,1,0,1,0,0
s11,S,feathers,flamingo,1,0,1,0,0
s11,S,skin,frog,1,0,0,1,0
s11,S,skin,worm,1,0,0,1,0
s11,S,skin,elephant,1,0,0,1,0
s11,S,skin,rhino,1,0,0,1,0
s11,S,skin,toad,1,0,0,1,0
s11,S,skin,hippo,1,0,0,1,0
s11,S,skin,dolphin,1,0,0,1,0
s11,S,scales,shark,0,0,0,1,0
s11,S,skin,pig,1,0,0,1,0
s11,S,fur,platypus,1,0,0,0,1
s11,S,fur,ferret,1,0,0,0,1
s11,S,fur,gorilla,1,0,0,0,1
s11,S,fur,sheep,1,0,0,0,1
s11,S,fur,fox,1,0,0,0,1
s11,S,fur,bear,1,0,0,0,1
s11,S,fur,horse,1,0,0,0,1
s11,S,fur,donkey,1,0,0,0,1
s11,S,fur,seal,0,0,0,1,0
s11,S,fur,cat,1,0,0,0,1
s12,S,scales,snake,0,0,0,1,0
s12,S,scales,lizard,0,0,0,1,0
s12,S,scales,crocodile,1,1,0,0,0
s12,S,scales,goldfish,1,1,0,0,0
s12,S,scales,eel,0,0,0,1,0
s12,S,scales,turtle,0,0,0,1,0
s12,S,feathers,penguin,1,0,1,0,0
s12,S,feathers,pigeon,1,0,1,0,0
s12,S,feathers,ostrich,1,0,1,0,0
s12,S,feathers,peacock,0,1,0,0,0
s12,S,feathers,flamingo,1,0,1,0,0
s12,S,skin,frog,1,0,0,1,0
s12,S,skin,worm,1,0,0,1,0
s12,S,skin,elephant,1,0,0,1,0
s12,S,skin,rhino,1,0,0,1,0
s12,S,skin,toad,1,0,0,1,0
s12,S,skin,hippo,1,0,0,1,0
s12,S,skin,dolphin,1,0,0,1,0
s12,S,scales,shark,0,0,0,1,0
s12,S,skin,pig,1,0,0,1,0
s12,S,fur,platypus,1,0,0,0,1
s12,S,fur,ferret,1,0,0,0,1
s12,S,fur,gorilla,1,0,0,0,1
s12,S,fur,sheep,1,0,0,0,1
s12,S,fur,fox,1,0,0,0,1
s12,S,fur,bear,1,0,0,0,1
s12,S,fur,horse,1,0,0,0,1
s12,S,fur,donkey,1,0,0,0,1
s12,S,fur,seal,1,0,0,0,1
s12,S,fur,cat,1,0,0,0,1
s13,S,scales,snake,1,1,0,0,0
s13,S,scales,lizard,1,1,0,0,0
s13,S,scales,crocodile,0,0,0,1,0
s13,S,scales,goldfish,1,1,0,0,0
s13,S,scales,eel,0,0,0,1,0
s13,S,scales,turtle,0,0,0,1,0
s13,S,feathers,penguin,0,0,0,0,1
s13,S,feathers,pigeon,1,0,0,0,0
s13,S,feathers,ostrich,1,0,1,0,0
s13,S,feathers,peacock,1,0,1,0,0
s13,S,feathers,flamingo,1,0,1,0,0
s13,S,skin,frog,1,0,0,1,0
s13,S,skin,worm,1,0,0,1,0
s13,S,skin,elephant,1,0,0,1,0
s13,S,skin,rhino,1,0,0,1,0
s13,S,skin,toad,1,0,0,1,0
s13,S,skin,hippo,1,0,0,1,0
s13,S,skin,dolphin,1,0,0,1,0
s13,S,scales,shark,0,0,0,1,0
s13,S,skin,pig,0,0,0,0,1
s13,S,fur,platypus,1,0,0,0,1
s13,S,fur,ferret,1,0,0,0,1
s13,S,fur,gorilla,1,0,0,0,1
s13,S,fur,sheep,1,0,0,0,1
s13,S,fur,fox,1,0,0,0,1
s13,S,fur,bear,1,0,0,0,1
s13,S,fur,horse,1,0,0,0,1
s13,S,fur,donkey,1,0,0,0,1
s13,S,fur,seal,0,0,1,0,0
s13,S,fur,cat,1,0,0,0,1
s14,S,scales,snake,1,1,0,0,0
s14,S,scales,lizard,1,1,0,0,0
s14,S,scales,crocodile,1,1,0,0,0
s14,S,scales,goldfish,1,1,0,0,0
s14,S,scales,eel,1,1,0,0,0
s14,S,scales,turtle,1,1,0,0,0
s14,S,feathers,penguin,1,0,1,0,0
s14,S,feathers,pigeon,1,0,1,0,0
s14,S,feathers,ostrich,1,0,1,0,0
s14,S,feathers,peacock,1,0,1,0,0
s14,S,feathers,flamingo,1,0,1,0,0
s14,S,skin,frog,1,0,0,1,0
s14,S,skin,worm,1,0,0,1,0
s14,S,skin,elephant,1,0,0,1,0
s14,S,skin,rhino,1,0,0,1,0
s14,S,skin,toad,1,0,0,1,0
s14,S,skin,hippo,1,0,0,1,0
s14,S,skin,dolphin,1,0,0,1,0
s14,S,scales,shark,1,1,0,0,0
s14,S,skin,pig,0,0,0,0,1
s14,S,fur,platypus,1,0,0,0,1
s14,S,fur,ferret,1,0,0,0,1
s14,S,fur,gorilla,1,0,0,0,1
s14,S,fur,sheep,1,0,0,0,1
s14,S,fur,fox,1,0,0,0,1
s14,S,fur,bear,1,0,0,0,1
s14,S,fur,horse,1,0,0,0,1
s14,S,fur,donkey,1,0,0,0,1
s14,S,fur,seal,0,0,0,1,0
s14,S,fur,cat,1,0,0,0,1
s15,S,scales,snake,1,1,0,0,0
s15,S,scales,lizard,1,1,0,0,0
s15,S,scales,crocodile,1,1,0,0,0
s15,S,scales,goldfish,1,1,0,0,0
s15,S,scales,eel,0,0,0,1,0
s15,S,scales,turtle,1,1,0,0,0
s15,S,feathers,penguin,1,0,1,0,0
s15,S,feathers,pigeon,1,0,1,0,0
s15,S,feathers,ostrich,1,0,1,0,0
s15,S,feathers,peacock,1,0,1,0,0
s15,S,feathers,flamingo,1,0,1,0,0
s15,S,skin,frog,1,0,0,1,0
s15,S,skin,worm,1,0,0,1,0
s15,S,skin,elephant,1,0,0,1,0
s15,S,skin,rhino,1,0,0,1,0
s15,S,skin,toad,1,0,0,1,0
s15,S,skin,hippo,0,0,0,0,1
s15,S,skin,dolphin,1,0,0,1,0
s15,S,scales,shark,1,1,0,0,0
s15,S,skin,pig,0,0,0,0,1
s15,S,fur,platypus,1,0,0,0,1
s15,S,fur,ferret,1,0,0,0,1
s15,S,fur,gorilla,1,0,0,0,1
s15,S,fur,sheep,1,0,0,0,1
s15,S,fur,fox,1,0,0,0,1
s15,S,fur,bear,1,0,0,0,1
s15,S,fur,horse,1,0,0,0,1
s15,S,fur,donkey,1,0,0,0,1
s15,S,fur,seal,1,0,0,0,1
s15,S,fur,cat,1,0,0,0,1
s16,S,scales,snake,1,1,0,0,0
s16,S,scales,lizard,1,1,0,0,0
s16,S,scales,crocodile,1,1,0,0,0
s16,S,scales,goldfish,1,1,0,0,0
s16,S,scales,eel,1,1,0,0,0
s16,S,scales,turtle,1,1,0,0,0
s16,S,feathers,penguin,1,0,1,0,0
s16,S,feathers,pigeon,1,0,1,0,0
s16,S,feathers,ostrich,1,0,1,0,0
s16,S,feathers,peacock,1,0,1,0,0
s16,S,feathers,flamingo,1,0,1,0,0
s16,S,skin,frog,0,1,0,0,0
s16,S,skin,worm,1,0,0,1,0
s16,S,skin,elephant,1,0,0,1,0
s16,S,skin,rhino,1,0,0,1,0
s16,S,skin,toad,1,0,0,1,0
s16,S,skin,hippo,1,0,0,1,0
s16,S,skin,dolphin,1,0,0,1,0
s16,S,scales,shark,0,0,0,1,0
s16,S,skin,pig,1,0,0,1,0
s16,S,fur,platypus,0,0,0,1,0
s16,S,fur,ferret,1,0,0,0,1
s16,S,fur,gorilla,1,0,0,0,1
s16,S,fur,sheep,1,0,0,0,1
s16,S,fur,fox,1,0,0,0,1
s16,S,fur,bear,1,0,0,0,1
s16,S,fur,horse,1,0,0,0,1
s16,S,fur,donkey,1,0,0,0,1
s16,S,fur,seal,1,0,0,0,1
s16,S,fur,cat,1,0,0,0,1
s17,S,scales,snake,1,1,0,0,0
s17,S,scales,lizard,1,1,0,0,0
s17,S,scales,crocodile,1,1,0,0,0
s17,S,scales,goldfish,0,0,0,1,0
s17,S,scales,eel,0,0,0,1,0
s17,S,scales,turtle,1,1,0,0,0
s17,S,feathers,penguin,1,0,1,0,0
s17,S,feathers,pigeon,1,0,1,0,0
s17,S,feathers,ostrich,1,0,1,0,0
s17,S,feathers,peacock,1,0,1,0,0
s17,S,feathers,flamingo,1,0,1,0,0
s17,S,skin,frog,1,0,0,1,0
s17,S,skin,worm,1,0,0,1,0
s17,S,skin,elephant,1,0,0,1,0
s17,S,skin,rhino,1,0,0,1,0
s17,S,skin,toad,1,0,0,1,0
s17,S,skin,hippo,1,0,0,1,0
s17,S,skin,dolphin,1,0,0,1,0
s17,S,scales,shark,0,0,0,1,0
s17,S,skin,pig,1,0,0,1,0
s17,S,fur,platypus,0,1,0,0,0
s17,S,fur,ferret,1,0,0,0,1
s17,S,fur,gorilla,1,0,0,0,1
s17,S,fur,sheep,1,0,0,0,1
s17,S,fur,fox,1,0,0,0,1
s17,S,fur,bear,1,0,0,0,1
s17,S,fur,horse,1,0,0,0,1
s17,S,fur,donkey,1,0,0,0,1
s17,S,fur,seal,1,0,0,0,1
s17,S,fur,cat,1,0,0,0,1
s18,S,scales,snake,1,1,0,0,0
s18,S,scales,lizard,0,0,0,1,0
s18,S,scales,crocodile,0,0,0,1,0
s18,S,scales,goldfish,1,1,0,0,0
s18,S,scales,eel,0,0,0,1,0
s18,S,scales,turtle,1,1,0,0,0
s18,S,feathers,penguin,1,0,1,0,0
s18,S,feathers,pigeon,1,0,1,0,0
s18,S,feathers,ostrich,1,0,1,0,0
s18,S,feathers,peacock,1,0,1,0,0
s18,S,feathers,flamingo,1,0,1,0,0
s18,S,skin,frog,1,0,0,1,0
s18,S,skin,worm,1,0,0,1,0
s18,S,skin,elephant,1,0,0,1,0
s18,S,skin,rhino,1,0,0,1,0
s18,S,skin,toad,1,0,0,1,0
s18,S,skin,hippo,1,0,0,1,0
s18,S,skin,dolphin,1,0,0,1,0
s18,S,scales,shark,0,0,0,1,0
s18,S,skin,pig,1,0,0,1,0
s18,S,fur,platypus,1,0,0,0,1
s18,S,fur,ferret,1,0,0,0,1
s18,S,fur,gorilla,1,0,0,0,1
s18,S,fur,sheep,1,0,0,0,1
s18,S,fur,fox,1,0,0,0,1
s18,S,fur,bear,1,0,0,0,1
s18,S,fur,horse,1,0,0,0,1
s18,S,fur,donkey,1,0,0,0,1
s18,S,fur,seal,0,0,0,1,0
s18,S,fur,cat,1,0,0,0,1
s19,S,scales,snake,1,1,0,0,0
s19,S,scales,lizard,0,0,0,1,0
s19,S,scales,crocodile,1,1,0,0,0
s19,S,scales,goldfish,1,1,0,0,0
s19,S,scales,eel,0,0,0,1,0
s19,S,scales,turtle,0,0,0,1,0
s19,S,feathers,penguin,1,0,1,0,0
s19,S,feathers,pigeon,1,0,1,0,0
s19,S,feathers,ostrich,1,0,1,0,0
s19,S,feathers,peacock,1,0,1,0,0
s19,S,feathers,flamingo,1,0,1,0,0
s19,S,skin,frog,1,0,0,1,0
s19,S,skin,worm,1,0,0,1,0
s19,S,skin,elephant,1,0,0,1,0
s19,S,skin,rhino,1,0,0,1,0
s19,S,skin,toad,0,1,0,0,0
s19,S,skin,hippo,1,0,0,1,0
s19,S,skin,dolphin,1,0,0,1,0
s19,S,scales,shark,0,0,0,1,0
s19,S,skin,pig,1,0,0,1,0
s19,S,fur,platypus,0,0,0,1,0
s19,S,fur,ferret,1,0,0,0,1
s19,S,fur,gorilla,1,0,0,0,1
s19,S,fur,sheep,1,0,0,0,1
s19,S,fur,fox,1,0,0,0,1
s19,S,fur,bear,1,0,0,0,1
s19,S,fur,horse,1,0,0,0,1
s19,S,fur,donkey,0,0,0,1,0
s19,S,fur,seal,0,0,0,1,0
s19,S,fur,cat,1,0,0,0,1
s20,S,scales,snake,1,1,0,0,0
s20,S,scales,lizard,1,1,0,0,0
s20,S,scales,crocodile,1,1,0,0,0
s20,S,scales,goldfish,1,1,0,0,0
s20,S,scales,eel,0,0,0,1,0
s20,S,scales,turtle,1,1,0,0,0
s20,S,feathers,penguin,1,0,1,0,0
s20,S,feathers,pigeon,1,0,1,0,0
s20,S,feathers,ostrich,1,0,1,0,0
s20,S,feathers,peacock,1,0,1,0,0
s20,S,feathers,flamingo,1,0,1,0,0
s20,S,skin,frog,1,0,0,1,0
s20,S,skin,worm,1,0,0,1,0
s20,S,skin,elephant,1,0,0,1,0
s20,S,skin,rhino,1,0,0,1,0
s20,S,skin,toad,1,0,0,1,0
s20,S,skin,hippo,1,0,0,1,0
s20,S,skin,dolphin,1,0,0,1,0
s20,S,scales,shark,0,0,0,1,0
s20,S,skin,pig,1,0,0,1,0
s20,S,fur,platypus,1,0,0,0,1
s20,S,fur,ferret,1,0,0,0,1
s20,S,fur,gorilla,1,0,0,0,1
s20,S,fur,sheep,1,0,0,0,1
s20,S,fur,fox,1,0,0,0,1
s20,S,fur,bear,1,0,0,0,1
s20,S,fur,horse,1,0,0,0,1
s20,S,fur,donkey,1,0,0,0,1
s20,S,fur,seal,0,0,0,1,0
s20,S,fur,cat,1,0,0,0,1